Area Type,Area Name,Period,SOC Level,Standard Occupational Classification (SOC),Occupational Title,Base Quarter Employment Estimate,Projected Quarter Employment Estimate,Numeric Change,Percentage Change,Exits,Transfers,Total Job Openings,Median Hourly Wage,Median Annual Wage,Entry Level Education,Work Experience,Job Training
State,California,2023-2025,1,00-0000,"Total, All Occupations",19920000,20412400,492400,2.5,1981550,2469420,4943370,24.73,51450,N/A,N/A,N/A
State,California,2023-2025,2,11-0000,Management Occupations,1669600,1705600,36000,2.2,102730,153320,292050,63.90,132918,N/A,N/A,N/A
State,California,2023-2025,3,11-1000,Top Executives,335600,342000,6400,1.9,17520,34380,58300,0.00,0,N/A,N/A,N/A
State,California,2023-2025,4,11-1011,Chief Executives,51800,51500,-300,-0.6,3190,3590,6480,104.13,0,Bachelor's degree,5 years or more,None
State,California,2023-2025,4,11-1021,General and Operations Managers,281500,288100,6600,2.3,14180,30600,51380,57.11,118793,Bachelor's degree,5 years or more,None
State,California,2023-2025,4,11-1031,Legislators,2300,2300,0,0.0,140,190,330,0.00,61446,Bachelor's degree,Less than 5 years,None
State,California,2023-2025,3,11-2000,"Advertising, Marketing, Promotions, Public Relations, and Sales Managers",187100,189500,2400,1.3,9010,18930,30340,0.00,0,N/A,N/A,N/A
State,California,2023-2025,4,11-2011,Advertising and Promotions Managers,5200,5200,0,0.0,210,690,900,65.40,136038,Bachelor's degree,Less than 5 years,None
State,California,2023-2025,4,11-2021,Marketing Managers,60300,61100,800,1.3,2880,6580,10260,81.59,0,Bachelor's degree,5 years or more,None
State,California,2023-2025,4,11-2022,Sales Managers,108600,109900,1300,1.2,5320,10500,17120,63.81,132734,Bachelor's degree,Less than 5 years,None
State,California,2023-2025,4,11-2032,Public Relations Managers,9200,9500,300,3.3,420,820,1540,74.82,155630,Bachelor's degree,5 years or more,None
State,California,2023-2025,4,11-2033,Fundraising Managers,3800,3900,100,2.6,170,340,610,58.84,122372,Bachelor's degree,5 years or more,None
State,California,2023-2025,3,11-3000,Operations Specialties Managers,361700,371500,9800,2.7,18850,31840,60490,0.00,0,N/A,N/A,N/A
State,California,2023-2025,4,11-3012,Administrative Services Managers,37400,38400,1000,2.7,2660,3130,6790,51.81,107748,Bachelor's degree,Less than 5 years,None
State,California,2023-2025,4,11-3013,Facilities Managers,20700,21300,600,2.9,1350,1800,3750,50.09,104188,Bachelor's degree,Less than 5 years,None
State,California,2023-2025,4,11-3021,Computer and Information Systems Managers,97500,99800,2300,2.4,3840,8750,14890,97.55,0,Bachelor's degree,5 years or more,None
State,California,2023-2025,4,11-3031,Financial Managers,105000,109100,4100,3.9,5510,8740,18350,79.84,166073,Bachelor's degree,5 years or more,None
State,California,2023-2025,4,11-3051,Industrial Production Managers,25400,25700,300,1.2,1240,2180,3720,60.75,126370,Bachelor's degree,5 years or more,None
State,California,2023-2025,4,11-3061,Purchasing Managers,8200,8400,200,2.4,480,730,1410,72.32,150418,Bachelor's degree,5 years or more,None
State,California,2023-2025,4,11-3071,"Transportation, Storage, and Distribution Managers",31000,31600,600,1.9,1770,3130,5500,48.53,100955,High school diploma or equivalent,5 years or more,None
State,California,2023-2025,4,11-3111,Compensation and Benefits Managers,2600,2700,100,3.8,120,200,420,66.00,137283,Bachelor's degree,5 years or more,None
State,California,2023-2025,4,11-3121,Human Resources Managers,27900,28300,400,1.4,1600,2550,4550,76.39,158883,Bachelor's degree,5 years or more,None
State,California,2023-2025,4,11-3131,Training and Development Managers,6000,6100,100,1.7,290,630,1020,64.22,133581,Bachelor's degree,5 years or more,None
State,California,2023-2025,3,11-9000,Other Management Occupations,785200,802700,17500,2.2,57350,68180,143030,0.00,0,N/A,N/A,N/A
State,California,2023-2025,4,11-9013,"Farmers, Ranchers, and Other Agricultural Managers",109800,105200,-4600,-4.2,15030,7160,17590,47.45,98702,High school diploma or equivalent,5 years or more,None
State,California,2023-2025,4,11-9021,Construction Managers,61300,64200,2900,4.7,3140,5690,11730,58.74,122189,Bachelor's degree,None,Moderate-term on-the-job training
State,California,2023-2025,4,11-9031,"Education and Childcare Administrators, Preschool and Daycare",10600,10900,300,2.8,590,830,1720,29.70,61762,Bachelor's degree,Less than 5 years,None
State,California,2023-2025,4,11-9032,"Education Administrators, Kindergarten through Secondary",28600,29100,500,1.7,1580,2210,4290,0.00,134488,Master's degree,5 years or more,None
State,California,2023-2025,4,11-9039,"Education Administrators, All Other",14300,14600,300,2.1,790,1110,2200,48.95,101812,Bachelor's degree,Less than 5 years,None
State,California,2023-2025,4,11-9041,Architectural and Engineering Managers,36100,37300,1200,3.3,1450,3130,5780,87.81,0,Bachelor's degree,5 years or more,None
State,California,2023-2025,4,11-9051,Food Service Managers,61500,64000,2500,4.1,4580,9240,16320,30.57,63568,High school diploma or equivalent,Less than 5 years,Short-term on-the-job training
State,California,2023-2025,4,11-9072,"Entertainment and Recreation Managers, Except Gambling",8800,9500,700,8.0,740,1180,2620,30.92,64312,Bachelor's degree,Less than 5 years,None
State,California,2023-2025,4,11-9081,Lodging Managers,7600,8100,500,6.6,590,920,2010,30.68,63812,High school diploma or equivalent,Less than 5 years,None
State,California,2023-2025,4,11-9111,Medical and Health Services Managers,56700,61400,4700,8.3,3290,4880,12870,64.67,134498,Bachelor's degree,Less than 5 years,None
State,California,2023-2025,4,11-9121,Natural Sciences Managers,14400,14700,300,2.1,700,1310,2310,93.15,0,Bachelor's degree,5 years or more,None
State,California,2023-2025,4,11-9141,"Property, Real Estate, and Community Association Managers",76600,78600,2000,2.6,6520,5270,13790,31.27,65026,High school diploma or equivalent,Less than 5 years,Short-term on-the-job training
State,California,2023-2025,4,11-9151,Social and Community Service Managers,31100,32900,1800,5.8,2070,2860,6730,36.74,76407,Bachelor's degree,Less than 5 years,None
State,California,2023-2025,4,11-9171,Funeral Home Managers,2100,2100,0,0.0,130,180,310,38.20,79457,Associate's degree,Less than 5 years,None
State,California,2023-2025,4,11-9179,"Personal Service Managers, All Other",5000,5200,200,4.0,310,430,940,29.58,61518,High school diploma or equivalent,Less than 5 years,None
State,California,2023-2025,4,11-9199,"Managers, All Other",228500,232100,3600,1.6,14060,19240,36900,79.77,165920,Bachelor's degree,Less than 5 years,None
State,California,2023-2025,2,13-0000,Business and Financial Operations Occupations,1288800,1316000,27200,2.1,81120,125270,233590,39.64,82455,N/A,N/A,N/A
State,California,2023-2025,3,13-1000,Business Operations Specialists,921600,941200,19600,2.1,58740,93500,171840,0.00,0,N/A,N/A,N/A
State,California,2023-2025,4,13-1011,"Agents and Business Managers of Artists, Performers, and Athletes",10100,10800,700,6.9,870,1100,2670,51.91,107972,Bachelor's degree,Less than 5 years,None
State,California,2023-2025,4,13-1020,Buyers and Purchasing Agents,52700,52400,-300,-0.6,3890,5560,9150,37.34,77652,Bachelor's degree,None,Moderate-term on-the-job training
State,California,2023-2025,4,13-1031,"Claims Adjusters, Examiners, and Investigators",23000,22800,-200,-0.9,1170,1890,2860,39.05,81231,High school diploma or equivalent,None,Long-term on-the-job training
State,California,2023-2025,4,13-1032,"Insurance Appraisers, Auto Damage",1700,1700,0,0.0,90,140,230,34.18,71084,Postsecondary non-degree award,None,Moderate-term on-the-job training
State,California,2023-2025,4,13-1041,Compliance Officers,47800,48600,800,1.7,3330,3980,8110,39.34,81813,Bachelor's degree,None,Moderate-term on-the-job training
State,California,2023-2025,4,13-1051,Cost Estimators,31100,31700,600,1.9,2030,3110,5740,39.21,81558,Bachelor's degree,None,Moderate-term on-the-job training
State,California,2023-2025,4,13-1071,Human Resources Specialists,97100,98100,1000,1.0,5830,10130,16960,37.98,79008,Bachelor's degree,None,None
State,California,2023-2025,4,13-1075,Labor Relations Specialists,7000,7200,200,2.9,430,740,1370,48.95,101812,Bachelor's degree,Less than 5 years,None
State,California,2023-2025,4,13-1081,Logisticians,26400,27600,1200,4.5,1460,2800,5460,40.79,84862,Bachelor's degree,None,None
State,California,2023-2025,4,13-1082,Project Management Specialists,105200,108100,2900,2.8,4880,9820,17600,51.04,106177,Bachelor's degree,None,None
State,California,2023-2025,4,13-1111,Management Analysts,142500,146300,3800,2.7,9940,13290,27030,41.68,86698,Bachelor's degree,Less than 5 years,None
State,California,2023-2025,4,13-1121,"Meeting, Convention, and Event Planners",17500,18200,700,4.0,1460,2230,4390,29.00,60324,Bachelor's degree,None,None
State,California,2023-2025,4,13-1131,Fundraisers,9000,9300,300,3.3,550,790,1640,32.45,67504,Bachelor's degree,None,None
State,California,2023-2025,4,13-1141,"Compensation, Benefits, and Job Analysis Specialists",13000,13200,200,1.5,770,1030,2000,38.53,80140,Bachelor's degree,Less than 5 years,None
State,California,2023-2025,4,13-1151,Training and Development Specialists,38600,39600,1000,2.6,2380,4110,7490,35.03,72858,Bachelor's degree,Less than 5 years,None
State,California,2023-2025,4,13-1161,Market Research Analysts and Marketing Specialists,111200,114300,3100,2.8,7060,13130,23290,37.38,77744,Bachelor's degree,None,None
State,California,2023-2025,4,13-1199,"Business Operations Specialists, All Other",187000,190600,3600,1.9,12570,19590,35760,36.99,76948,Bachelor's degree,None,None
State,California,2023-2025,3,13-2000,Financial Specialists,367300,374800,7500,2.0,22390,31770,61660,0.00,0,N/A,N/A,N/A
State,California,2023-2025,4,13-2011,Accountants and Auditors,171200,176600,5400,3.2,10740,15750,31890,41.01,85301,Bachelor's degree,None,None
State,California,2023-2025,4,13-2020,Property Appraisers and Assessors,6100,6200,100,1.6,600,410,1110,40.51,84260,Bachelor's degree,None,Long-term on-the-job training
State,California,2023-2025,4,13-2031,Budget Analysts,5700,5800,100,1.8,330,410,840,47.69,99181,Bachelor's degree,None,None
State,California,2023-2025,4,13-2041,Credit Analysts,7600,7400,-200,-2.6,340,690,830,39.48,82129,Bachelor's degree,None,None
State,California,2023-2025,4,13-2051,Financial and Investment Analysts,32700,33300,600,1.8,1420,2700,4720,50.48,105004,Bachelor's degree,None,None
State,California,2023-2025,4,13-2052,Personal Financial Advisors,39300,40100,800,2.0,2140,2740,5680,50.15,104301,Bachelor's degree,None,Long-term on-the-job training
State,California,2023-2025,4,13-2053,Insurance Underwriters,7300,7200,-100,-1.4,440,560,900,45.35,94326,Bachelor's degree,None,Moderate-term on-the-job training
State,California,2023-2025,4,13-2054,Financial Risk Specialists,4700,4800,100,2.1,220,400,720,51.12,106330,Bachelor's degree,None,None
State,California,2023-2025,4,13-2061,Financial Examiners,4300,4400,100,2.3,280,340,720,46.93,97620,Bachelor's degree,None,Long-term on-the-job training
State,California,2023-2025,4,13-2071,Credit Counselors,2200,2200,0,0.0,120,180,300,28.64,59560,Bachelor's degree,None,Moderate-term on-the-job training
State,California,2023-2025,4,13-2072,Loan Officers,40300,39400,-900,-2.2,2120,3250,4470,31.01,64506,Bachelor's degree,Less than 5 years,Moderate-term on-the-job training
State,California,2023-2025,4,13-2081,"Tax Examiners and Collectors, and Revenue Agents",8700,8800,100,1.1,620,670,1390,32.97,68585,Bachelor's degree,None,Moderate-term on-the-job training
State,California,2023-2025,4,13-2082,Tax Preparers,19100,20100,1000,5.2,2190,2170,5360,24.61,51197,High school diploma or equivalent,None,Moderate-term on-the-job training
State,California,2023-2025,4,13-2099,"Financial Specialists, All Other",18100,18300,200,1.1,840,1510,2550,37.33,77642,Bachelor's degree,None,None
State,California,2023-2025,2,15-0000,Computer and Mathematical Occupations,717200,733600,16400,2.3,31130,53060,100590,64.25,133636,N/A,N/A,N/A
State,California,2023-2025,3,15-1200,Computer Occupations,672800,686800,14000,2.1,28970,49850,92820,0.00,0,N/A,N/A,N/A
State,California,2023-2025,4,15-1211,Computer Systems Analysts,59200,60300,1100,1.9,2990,3970,8060,61.13,127167,Bachelor's degree,None,None
State,California,2023-2025,4,15-1212,Information Security Analysts,13000,13700,700,5.4,580,980,2260,67.31,140012,Bachelor's degree,Less than 5 years,None
State,California,2023-2025,4,15-1221,Computer and Information Research Scientists,7000,7300,300,4.3,350,540,1190,88.76,0,Master's degree,None,None
State,California,2023-2025,4,15-1231,Computer Network Support Specialists,15100,15300,200,1.3,750,1250,2200,37.26,77509,Associate's degree,None,Moderate-term on-the-job training
State,California,2023-2025,4,15-1232,Computer User Support Specialists,77800,78700,900,1.2,3850,6430,11180,34.55,71860,"Some college, no degree",None,Moderate-term on-the-job training
State,California,2023-2025,4,15-1241,Computer Network Architects,20900,21100,200,1.0,770,1440,2410,66.49,138309,Bachelor's degree,5 years or more,None
State,California,2023-2025,4,15-1242,Database Administrators,7700,7800,100,1.3,390,500,990,54.91,114218,Bachelor's degree,None,None
State,California,2023-2025,4,15-1243,Database Architects,5000,5000,0,0.0,250,320,570,77.53,161259,Bachelor's degree,Less than 5 years,None
State,California,2023-2025,4,15-1244,Network and Computer Systems Administrators,34400,34700,300,0.9,1410,2400,4110,52.25,108693,Bachelor's degree,None,None
State,California,2023-2025,4,15-1251,Computer Programmers,23400,23000,-400,-1.7,1140,1650,2390,57.99,120604,Bachelor's degree,None,None
State,California,2023-2025,4,15-1252,Software Developers,259600,267500,7900,3.0,9050,18860,35810,82.05,0,Bachelor's degree,None,None
State,California,2023-2025,4,15-1253,Software Quality Assurance Analysts and Testers,33600,34400,800,2.4,1710,2430,4940,62.36,129701,Bachelor's degree,None,None
State,California,2023-2025,4,15-1254,Web Developers,10300,10600,300,2.9,410,870,1580,49.73,103449,Bachelor's degree,None,None
State,California,2023-2025,4,15-1255,Web and Digital Interface Designers,21000,21500,500,2.4,1190,1800,3490,51.33,106772,Bachelor's degree,None,None
State,California,2023-2025,4,15-1299,"Computer Occupations, All Other",84800,86000,1200,1.4,4140,6420,11760,55.67,115786,Bachelor's degree,None,None
State,California,2023-2025,3,15-2000,Mathematical Science Occupations,44400,46800,2400,5.4,2160,3210,7770,0.00,0,N/A,N/A,N/A
State,California,2023-2025,4,15-2011,Actuaries,1200,1200,0,0.0,40,70,110,64.23,133584,Bachelor's degree,None,Long-term on-the-job training
State,California,2023-2025,4,15-2031,Operations Research Analysts,8900,9300,400,4.5,520,570,1490,44.90,93387,Bachelor's degree,None,None
State,California,2023-2025,4,15-2041,Statisticians,3200,3400,200,6.3,150,240,590,65.88,137032,Master's degree,None,None
State,California,2023-2025,4,15-2051,Data Scientists,30500,32200,1700,5.6,1420,2280,5400,63.31,131684,Bachelor's degree,None,None
State,California,2023-2025,2,17-0000,Architecture and Engineering Occupations,347500,358300,10800,3.1,19390,25780,55970,51.73,107603,N/A,N/A,N/A
State,California,2023-2025,3,17-1000,"Architects, Surveyors, and Cartographers",29900,31400,1500,5.0,1860,1960,5320,0.00,0,N/A,N/A,N/A
State,California,2023-2025,4,17-1011,"Architects, Except Landscape and Naval",20700,21800,1100,5.3,1240,1310,3650,48.38,100635,Bachelor's degree,None,Internship/residency
State,California,2023-2025,4,17-1012,Landscape Architects,3400,3600,200,5.9,260,280,740,49.42,102784,Bachelor's degree,None,Internship/residency
State,California,2023-2025,4,17-1021,Cartographers and Photogrammetrists,1000,1000,0,0.0,60,60,120,48.98,101891,Bachelor's degree,None,None
State,California,2023-2025,4,17-1022,Surveyors,4800,5000,200,4.2,300,310,810,49.90,103781,Bachelor's degree,None,Internship/residency
State,California,2023-2025,3,17-2000,Engineers,240200,247600,7400,3.1,11040,15930,34370,0.00,0,N/A,N/A,N/A
State,California,2023-2025,4,17-2011,Aerospace Engineers,10900,11300,400,3.7,510,650,1560,66.17,137634,Bachelor's degree,None,None
State,California,2023-2025,4,17-2031,Bioengineers and Biomedical Engineers,2900,3000,100,3.4,100,220,420,55.11,114633,Bachelor's degree,None,None
State,California,2023-2025,4,17-2051,Civil Engineers,47100,49000,1900,4.0,2060,3550,7510,52.57,109347,Bachelor's degree,None,None
State,California,2023-2025,4,17-2061,Computer Hardware Engineers,26300,26800,500,1.9,1020,1820,3340,82.37,0,Bachelor's degree,None,None
State,California,2023-2025,4,17-2071,Electrical Engineers,28900,29800,900,3.1,1360,1740,4000,66.59,138527,Bachelor's degree,None,None
State,California,2023-2025,4,17-2072,"Electronics Engineers, Except Computer",21500,21900,400,1.9,1010,1290,2700,66.39,138091,Bachelor's degree,None,None
State,California,2023-2025,4,17-2081,Environmental Engineers,7500,7700,200,2.7,460,510,1170,52.64,109482,Bachelor's degree,None,None
State,California,2023-2025,4,17-2111,"Health and Safety Engineers, Except Mining Safety Engineers and Inspectors",2200,2300,100,4.5,110,140,350,63.33,131726,Bachelor's degree,None,None
State,California,2023-2025,4,17-2112,Industrial Engineers,24600,25600,1000,4.1,1220,1520,3740,53.01,110261,Bachelor's degree,None,None
State,California,2023-2025,4,17-2131,Materials Engineers,3000,3000,0,0.0,170,190,360,52.51,109223,Bachelor's degree,None,None
State,California,2023-2025,4,17-2141,Mechanical Engineers,29700,31000,1300,4.4,1350,1950,4600,54.13,112598,Bachelor's degree,None,None
State,California,2023-2025,4,17-2171,Petroleum Engineers,2100,2100,0,0.0,80,150,230,67.35,140095,Bachelor's degree,None,None
State,California,2023-2025,4,17-2199,"Engineers, All Other",31300,31900,600,1.9,1510,2060,4170,60.73,126305,Bachelor's degree,None,None
State,California,2023-2025,3,17-3000,"Drafters, Engineering Technicians, and Mapping Technicians",77400,79300,1900,2.5,6490,7890,16280,0.00,0,N/A,N/A,N/A
State,California,2023-2025,4,17-3011,Architectural and Civil Drafters,12300,12800,500,4.1,1040,1280,2820,31.79,66128,Associate's degree,None,None
State,California,2023-2025,4,17-3012,Electrical and Electronics Drafters,3000,3100,100,3.3,220,280,600,37.75,78516,Associate's degree,None,None
State,California,2023-2025,4,17-3013,Mechanical Drafters,4900,4900,0,0.0,340,450,790,36.41,75723,Associate's degree,None,None
State,California,2023-2025,4,17-3019,"Drafters, All Other",2800,2800,0,0.0,200,260,460,30.79,64030,Associate's degree,None,None
State,California,2023-2025,4,17-3021,Aerospace Engineering and Operations Technologists and Technicians,2000,2200,200,10.0,160,220,580,41.08,85453,Associate's degree,None,None
State,California,2023-2025,4,17-3022,Civil Engineering Technologists and Technicians,6700,6900,200,3.0,520,700,1420,38.52,80115,Associate's degree,None,None
State,California,2023-2025,4,17-3023,Electrical and Electronics Engineering Technologists and Technicians,18300,18600,300,1.6,1880,1660,3840,38.29,79638,Associate's degree,None,None
State,California,2023-2025,4,17-3024,Electro-Mechanical and Mechatronics Technologists and Technicians,2200,2200,0,0.0,170,230,400,37.05,77073,Associate's degree,None,None
State,California,2023-2025,4,17-3025,Environmental Engineering Technologists and Technicians,1900,1900,0,0.0,140,190,330,33.16,68973,Associate's degree,None,None
State,California,2023-2025,4,17-3026,Industrial Engineering Technologists and Technicians,2900,2900,0,0.0,220,300,520,35.63,74092,Associate's degree,None,None
State,California,2023-2025,4,17-3027,Mechanical Engineering Technologists and Technicians,3800,3900,100,2.6,290,400,790,36.97,76886,Associate's degree,None,None
State,California,2023-2025,4,17-3029,"Engineering Technologists and Technicians, Except Drafters, All Other",11600,11800,200,1.7,890,1210,2300,37.60,78205,Associate's degree,None,None
State,California,2023-2025,4,17-3031,Surveying and Mapping Technicians,4200,4300,100,2.4,360,630,1090,37.16,77280,High school diploma or equivalent,None,Moderate-term on-the-job training
State,California,2023-2025,2,19-0000,"Life, Physical, and Social Science Occupations",219800,225000,5200,2.4,9150,27750,42100,44.09,91704,N/A,N/A,N/A
State,California,2023-2025,3,19-1000,Life Scientists,60100,61800,1700,2.8,1780,6130,9610,0.00,0,N/A,N/A,N/A
State,California,2023-2025,4,19-1012,Food Scientists and Technologists,3500,3500,0,0.0,110,430,540,41.68,86699,Bachelor's degree,None,None
State,California,2023-2025,4,19-1013,Soil and Plant Scientists,1600,1600,0,0.0,50,200,250,0.00,0,Bachelor's degree,None,None
State,California,2023-2025,4,19-1021,Biochemists and Biophysicists,8000,8200,200,2.5,270,910,1380,63.30,131663,Doctoral or professional degree,None,None
State,California,2023-2025,4,19-1022,Microbiologists,3100,3200,100,3.2,100,350,550,50.36,104757,Bachelor's degree,None,None
State,California,2023-2025,4,19-1023,Zoologists and Wildlife Biologists,1900,2000,100,5.3,70,220,390,39.11,81351,Bachelor's degree,None,None
State,California,2023-2025,4,19-1029,"Biological Scientists, All Other",17200,17500,300,1.7,570,1930,2800,51.75,107634,Bachelor's degree,None,None
State,California,2023-2025,4,19-1031,Conservation Scientists,1600,1700,100,6.3,60,210,370,37.73,78475,Bachelor's degree,None,None
State,California,2023-2025,4,19-1032,Foresters,1100,1100,0,0.0,40,130,170,28.82,59928,Bachelor's degree,None,None
State,California,2023-2025,4,19-1041,Epidemiologists,1200,1300,100,8.3,30,90,220,50.61,105266,Master's degree,None,None
State,California,2023-2025,4,19-1042,"Medical Scientists, Except Epidemiologists",19000,19600,600,3.2,450,1500,2550,61.90,128745,Doctoral or professional degree,None,None
State,California,2023-2025,4,19-1099,"Life Scientists, All Other",1800,1900,100,5.6,40,140,280,54.21,112753,Bachelor's degree,None,None
State,California,2023-2025,3,19-2000,Physical Scientists,38200,39100,900,2.4,1270,4180,6350,0.00,0,N/A,N/A,N/A
State,California,2023-2025,4,19-2012,Physicists,5800,6000,200,3.4,290,400,890,85.12,0,Doctoral or professional degree,None,None
State,California,2023-2025,4,19-2031,Chemists,10200,10400,200,2.0,310,1080,1590,44.54,92639,Bachelor's degree,None,None
State,California,2023-2025,4,19-2041,"Environmental Scientists and Specialists, Including Health",12600,13000,400,3.2,410,1580,2390,47.48,98755,Bachelor's degree,None,None
State,California,2023-2025,4,19-2042,"Geoscientists, Except Hydrologists and Geographers",3700,3800,100,2.7,100,480,680,43.85,91216,Bachelor's degree,None,None
State,California,2023-2025,4,19-2043,Hydrologists,1000,1000,0,0.0,30,130,160,54.05,112431,Bachelor's degree,None,None
State,California,2023-2025,4,19-2099,"Physical Scientists, All Other",3200,3300,100,3.1,80,340,520,57.25,119067,Bachelor's degree,None,None
State,California,2023-2025,3,19-3000,Social Scientists and Related Workers,47700,48900,1200,2.5,2100,4160,7460,0.00,0,N/A,N/A,N/A
State,California,2023-2025,4,19-3011,Economists,1500,1500,0,0.0,50,140,190,56.43,117374,Master's degree,None,None
State,California,2023-2025,4,19-3032,Industrial-Organizational Psychologists,4000,4100,100,2.5,240,270,610,60.37,125588,Master's degree,None,Internship/residency
State,California,2023-2025,4,19-3033,Clinical and Counseling Psychologists,9400,9700,300,3.2,400,500,1200,60.17,125152,Doctoral or professional degree,None,Internship/residency
State,California,2023-2025,4,19-3034,School Psychologists,12000,12200,200,1.7,420,1120,1740,52.14,108454,Master's degree,None,Internship/residency
State,California,2023-2025,4,19-3039,"Psychologists, All Other",5700,5900,200,3.5,350,380,930,61.39,127696,Master's degree,None,Internship/residency
State,California,2023-2025,4,19-3051,Urban and Regional Planners,8700,8900,200,2.3,420,950,1570,50.08,104165,Master's degree,None,None
State,California,2023-2025,4,19-3091,Anthropologists and Archeologists,1800,1800,0,0.0,70,230,300,32.20,66979,Master's degree,None,None
State,California,2023-2025,4,19-3099,"Social Scientists and Related Workers, All Other",2500,2500,0,0.0,90,320,410,44.85,93293,Bachelor's degree,None,None
State,California,2023-2025,3,19-4000,"Life, Physical, and Social Science Technicians",57700,58600,900,1.6,3080,10770,14750,0.00,0,N/A,N/A,N/A
State,California,2023-2025,4,19-4012,Agricultural Technicians,2000,2000,0,0.0,100,430,530,21.54,44798,Associate's degree,None,Moderate-term on-the-job training
State,California,2023-2025,4,19-4013,Food Science Technicians,4000,4100,100,2.5,210,870,1180,24.00,49928,Associate's degree,None,Moderate-term on-the-job training
State,California,2023-2025,4,19-4021,Biological Technicians,10700,10800,100,0.9,690,1930,2720,29.71,61787,Bachelor's degree,None,None
State,California,2023-2025,4,19-4031,Chemical Technicians,7400,7500,100,1.4,310,1400,1810,25.15,52316,Associate's degree,None,Moderate-term on-the-job training
State,California,2023-2025,4,19-4042,"Environmental Science and Protection Technicians, Including Health",6100,6300,200,3.3,220,1030,1450,27.97,58163,Associate's degree,None,None
State,California,2023-2025,4,19-4061,Social Science Research Assistants,6600,6800,200,3.0,380,1240,1820,30.99,64456,Bachelor's degree,None,None
State,California,2023-2025,4,19-4071,Forest and Conservation Technicians,6300,6400,100,1.6,360,1180,1640,20.85,43375,Associate's degree,None,None
State,California,2023-2025,4,19-4092,Forensic Science Technicians,2600,2700,100,3.8,150,490,740,42.68,88776,Bachelor's degree,None,Moderate-term on-the-job training
State,California,2023-2025,4,19-4099,"Life, Physical, and Social Science Technicians, All Other",10900,10900,0,0.0,620,2020,2640,28.38,59025,Associate's degree,None,None
State,California,2023-2025,3,19-5000,Occupational Health and Safety Specialists and Technicians,16000,16600,600,3.8,920,2500,4020,0.00,0,N/A,N/A,N/A
State,California,2023-2025,4,19-5011,Occupational Health and Safety Specialists,13200,13800,600,4.5,760,2070,3430,47.51,98818,Bachelor's degree,None,None
State,California,2023-2025,4,19-5012,Occupational Health and Safety Technicians,2800,2900,100,3.6,160,430,690,31.00,64476,High school diploma or equivalent,None,Moderate-term on-the-job training
State,California,2023-2025,2,21-0000,Community and Social Service Occupations,397100,414700,17600,4.4,30170,37630,85400,29.09,60489,N/A,N/A,N/A
State,California,2023-2025,3,21-1000,"Counselors, Social Workers, and Other Community and Social Service Specialists",363900,380300,16400,4.5,27210,34380,77990,0.00,0,N/A,N/A,N/A
State,California,2023-2025,4,21-1012,"Educational, Guidance, and Career Counselors and Advisors",42100,43400,1300,3.1,2570,3450,7320,36.06,75017,Master's degree,None,None
State,California,2023-2025,4,21-1013,Marriage and Family Therapists,34100,36000,1900,5.6,2350,2060,6310,28.40,59077,Master's degree,None,Internship/residency
State,California,2023-2025,4,21-1015,Rehabilitation Counselors,12100,12600,500,4.1,800,1090,2390,18.86,39211,Master's degree,None,None
State,California,2023-2025,4,21-1018,"Substance Abuse, Behavioral Disorder, and Mental Health Counselors",42000,44300,2300,5.5,3110,3980,9390,27.99,58215,Bachelor's degree,None,None
State,California,2023-2025,4,21-1019,"Counselors, All Other",30700,32400,1700,5.5,2620,3190,7510,19.44,40426,Master's degree,None,None
State,California,2023-2025,4,21-1021,"Child, Family, and School Social Workers",51400,53500,2100,4.1,3400,4550,10050,31.26,65016,Bachelor's degree,None,None
State,California,2023-2025,4,21-1022,Healthcare Social Workers,15100,15800,700,4.6,1150,1450,3300,40.33,83895,Master's degree,None,Internship/residency
State,California,2023-2025,4,21-1023,Mental Health and Substance Abuse Social Workers,16700,17400,700,4.2,1270,1080,3050,39.71,82587,Master's degree,None,Internship/residency
State,California,2023-2025,4,21-1029,"Social Workers, All Other",7600,8000,400,5.3,500,730,1630,31.05,64591,Bachelor's degree,None,None
State,California,2023-2025,4,21-1091,Health Education Specialists,8800,9200,400,4.5,720,1050,2170,32.53,67664,Bachelor's degree,None,None
State,California,2023-2025,4,21-1092,Probation Officers and Correctional Treatment Specialists,14600,14800,200,1.4,900,1300,2400,49.00,101933,Bachelor's degree,None,Moderate-term on-the-job training
State,California,2023-2025,4,21-1093,Social and Human Service Assistants,64100,67500,3400,5.3,5800,7520,16720,22.89,47612,High school diploma or equivalent,None,Short-term on-the-job training
State,California,2023-2025,4,21-1094,Community Health Workers,9500,10100,600,6.3,790,1140,2530,25.12,52244,High school diploma or equivalent,None,Short-term on-the-job training
State,California,2023-2025,4,21-1099,"Community and Social Service Specialists, All Other",15000,15500,500,3.3,1220,1770,3490,23.02,47893,Bachelor's degree,None,None
State,California,2023-2025,3,21-2000,Religious Workers,33200,34400,1200,3.6,2970,3260,7430,0.00,0,N/A,N/A,N/A
State,California,2023-2025,4,21-2011,Clergy,16900,17600,700,4.1,1380,1420,3500,32.26,67104,Bachelor's degree,None,Moderate-term on-the-job training
State,California,2023-2025,4,21-2021,"Directors, Religious Activities and Education",13000,13400,400,3.1,1110,1420,2930,29.91,62213,Bachelor's degree,Less than 5 years,None
State,California,2023-2025,4,21-2099,"Religious Workers, All Other",3300,3500,200,6.1,480,420,1100,22.85,47519,Bachelor's degree,None,None
State,California,2023-2025,2,23-0000,Legal Occupations,168900,173200,4300,2.5,9880,10770,24950,63.21,131476,N/A,N/A,N/A
State,California,2023-2025,3,23-1000,"Lawyers, Judges, and Related Workers",110100,113200,3100,2.8,5230,3410,11740,0.00,0,N/A,N/A,N/A
State,California,2023-2025,4,23-1011,Lawyers,102000,105000,3000,2.9,4810,3110,10920,87.71,0,Doctoral or professional degree,None,None
State,California,2023-2025,4,23-1021,"Administrative Law Judges, Adjudicators, and Hearing Officers",1700,1700,0,0.0,80,50,130,69.11,143740,Doctoral or professional degree,5 years or more,Short-term on-the-job training
State,California,2023-2025,4,23-1023,"Judges, Magistrate Judges, and Magistrates",1400,1500,100,7.1,70,40,210,107.00,0,Doctoral or professional degree,5 years or more,Short-term on-the-job training
State,California,2023-2025,3,23-2000,Legal Support Workers,58800,60000,1200,2.0,4650,7360,13210,0.00,0,N/A,N/A,N/A
State,California,2023-2025,4,23-2011,Paralegals and Legal Assistants,44900,45900,1000,2.2,3420,5760,10180,34.84,72472,Associate's degree,None,None
State,California,2023-2025,4,23-2093,"Title Examiners, Abstractors, and Searchers",4800,4800,0,0.0,390,510,900,37.38,77758,High school diploma or equivalent,None,Moderate-term on-the-job training
State,California,2023-2025,4,23-2099,"Legal Support Workers, All Other",9100,9200,100,1.1,840,1090,2030,27.44,57062,Associate's degree,None,None
State,California,2023-2025,2,25-0000,Educational Instruction and Library Occupations,1175800,1202100,26300,2.2,115740,108320,250360,31.51,65525,N/A,N/A,N/A
State,California,2023-2025,3,25-1000,Postsecondary Teachers,218900,224200,5300,2.4,19510,14950,39760,0.00,0,N/A,N/A,N/A
State,California,2023-2025,4,25-1011,"Business Teachers, Postsecondary",5100,5300,200,3.9,460,350,1010,0.00,121455,Doctoral or professional degree,None,None
State,California,2023-2025,4,25-1021,"Computer Science Teachers, Postsecondary",2400,2500,100,4.2,220,170,490,0.00,129545,Doctoral or professional degree,None,None
State,California,2023-2025,4,25-1022,"Mathematical Science Teachers, Postsecondary",3700,3800,100,2.7,330,260,690,0.00,114072,Doctoral or professional degree,None,None
State,California,2023-2025,4,25-1032,"Engineering Teachers, Postsecondary",2300,2400,100,4.3,210,160,470,0.00,130749,Doctoral or professional degree,None,None
State,California,2023-2025,4,25-1042,"Biological Science Teachers, Postsecondary",3100,3200,100,3.2,280,210,590,0.00,108205,Doctoral or professional degree,None,None
State,California,2023-2025,4,25-1051,"Atmospheric, Earth, Marine, and Space Sciences Teachers, Postsecondary",1100,1100,0,0.0,100,80,180,0.00,139659,Doctoral or professional degree,None,None
State,California,2023-2025,4,25-1052,"Chemistry Teachers, Postsecondary",1500,1500,0,0.0,130,100,230,0.00,108911,Doctoral or professional degree,None,None
State,California,2023-2025,4,25-1054,"Physics Teachers, Postsecondary",1000,1000,0,0.0,90,70,160,0.00,113771,Doctoral or professional degree,None,None
State,California,2023-2025,4,25-1065,"Political Science Teachers, Postsecondary",1100,1100,0,0.0,90,70,160,0.00,103916,Doctoral or professional degree,None,None
State,California,2023-2025,4,25-1066,"Psychology Teachers, Postsecondary",6500,6700,200,3.1,580,440,1220,0.00,87478,Doctoral or professional degree,None,None
State,California,2023-2025,4,25-1069,"Social Sciences Teachers, Postsecondary, All Other",1800,1800,0,0.0,160,120,280,0.00,120905,Doctoral or professional degree,None,None
State,California,2023-2025,4,25-1071,"Health Specialties Teachers, Postsecondary",8500,9000,500,5.9,770,590,1860,0.00,111279,Doctoral or professional degree,Less than 5 years,None
State,California,2023-2025,4,25-1072,"Nursing Instructors and Teachers, Postsecondary",5800,6100,300,5.2,530,400,1230,0.00,109368,Doctoral or professional degree,Less than 5 years,None
State,California,2023-2025,4,25-1081,"Education Teachers, Postsecondary",4100,4200,100,2.4,370,280,750,0.00,100926,Doctoral or professional degree,Less than 5 years,None
State,California,2023-2025,4,25-1111,"Criminal Justice and Law Enforcement Teachers, Postsecondary",1300,1400,100,7.7,120,90,310,0.00,135890,Doctoral or professional degree,None,None
State,California,2023-2025,4,25-1112,"Law Teachers, Postsecondary",2000,2100,100,5.0,180,140,420,0.00,104705,Doctoral or professional degree,Less than 5 years,None
State,California,2023-2025,4,25-1121,"Art, Drama, and Music Teachers, Postsecondary",11300,11600,300,2.7,1010,780,2090,0.00,104477,Master's degree,None,None
State,California,2023-2025,4,25-1122,"Communications Teachers, Postsecondary",2500,2600,100,4.0,220,170,490,0.00,121113,Doctoral or professional degree,None,None
State,California,2023-2025,4,25-1123,"English Language and Literature Teachers, Postsecondary",4200,4300,100,2.4,370,280,750,0.00,106876,Doctoral or professional degree,None,None
State,California,2023-2025,4,25-1124,"Foreign Language and Literature Teachers, Postsecondary",1500,1500,0,0.0,130,100,230,0.00,106118,Doctoral or professional degree,None,None
State,California,2023-2025,4,25-1125,"History Teachers, Postsecondary",1100,1100,0,0.0,100,70,170,0.00,111061,Doctoral or professional degree,None,None
State,California,2023-2025,4,25-1126,"Philosophy and Religion Teachers, Postsecondary",2900,2900,0,0.0,260,200,460,0.00,97738,Doctoral or professional degree,None,None
State,California,2023-2025,4,25-1193,"Recreation and Fitness Studies Teachers, Postsecondary",1700,1800,100,5.9,150,120,370,0.00,124218,Doctoral or professional degree,None,None
State,California,2023-2025,4,25-1194,"Career/Technical Education Teachers, Postsecondary",9900,10100,200,2.0,880,680,1760,38.05,79150,Bachelor's degree,Less than 5 years,None
State,California,2023-2025,3,25-2000,"Preschool, Elementary, Middle, Secondary, and Special Education Teachers",448900,457700,8800,2.0,31240,33560,73600,0.00,0,N/A,N/A,N/A
State,California,2023-2025,4,25-2011,"Preschool Teachers, Except Special Education",64600,66900,2300,3.6,6020,7760,16080,19.49,40541,Associate's degree,None,None
State,California,2023-2025,4,25-2012,"Kindergarten Teachers, Except Special Education",8200,8400,200,2.4,760,980,1940,0.00,104924,Bachelor's degree,None,None
State,California,2023-2025,4,25-2021,"Elementary School Teachers, Except Special Education",175700,178600,2900,1.7,11900,11640,26440,0.00,96429,Bachelor's degree,None,None
State,California,2023-2025,4,25-2022,"Middle School Teachers, Except Special and Career/Technical Education",43500,44200,700,1.6,2950,2880,6530,0.00,95879,Bachelor's degree,None,None
State,California,2023-2025,4,25-2031,"Secondary School Teachers, Except Special and Career/Technical Education",104900,106700,1800,1.7,6140,6830,14770,0.00,98921,Bachelor's degree,None,None
State,California,2023-2025,4,25-2032,"Career/Technical Education Teachers, Secondary School",3200,3200,0,0.0,190,210,400,0.00,99108,Bachelor's degree,Less than 5 years,None
State,California,2023-2025,4,25-2051,"Special Education Teachers, Preschool",1600,1600,0,0.0,110,110,220,0.00,65297,Bachelor's degree,None,None
State,California,2023-2025,4,25-2052,"Special Education Teachers, Kindergarten and Elementary School",19800,20200,400,2.0,1340,1320,3060,0.00,85297,Bachelor's degree,None,None
State,California,2023-2025,4,25-2057,"Special Education Teachers, Middle School",5100,5100,0,0.0,340,340,680,0.00,89648,Bachelor's degree,None,None
State,California,2023-2025,4,25-2058,"Special Education Teachers, Secondary School",13100,13300,200,1.5,890,880,1970,0.00,102867,Bachelor's degree,None,None
State,California,2023-2025,4,25-2059,"Special Education Teachers, All Other",9100,9300,200,2.2,620,610,1430,0.00,79690,Bachelor's degree,None,None
State,California,2023-2025,3,25-3000,Other Teachers and Instructors,239400,246600,7200,3.0,34660,30810,72670,0.00,0,N/A,N/A,N/A
State,California,2023-2025,4,25-3011,"Adult Basic Education, Adult Secondary Education, and English as a Second Language Instructors",3700,3700,0,0.0,460,420,880,42.11,87582,Bachelor's degree,None,None
State,California,2023-2025,4,25-3021,Self-Enrichment Teachers,54400,56900,2500,4.6,6940,6320,15760,23.57,49025,High school diploma or equivalent,Less than 5 years,None
State,California,2023-2025,4,25-3031,"Substitute Teachers, Short-Term",79500,81300,1800,2.3,10030,9130,20960,23.32,48505,Bachelor's degree,None,None
State,California,2023-2025,4,25-3041,Tutors,75200,77600,2400,3.2,13870,11900,28170,18.21,37872,"Some college, no degree",None,None
State,California,2023-2025,3,25-4000,"Librarians, Curators, and Archivists",25100,25400,300,1.2,3790,2650,6740,0.00,0,N/A,N/A,N/A
State,California,2023-2025,4,25-4011,Archivists,1300,1400,100,7.7,170,150,420,32.28,67156,Master's degree,None,None
State,California,2023-2025,4,25-4012,Curators,1400,1500,100,7.1,180,160,440,36.39,75681,Master's degree,None,None
State,California,2023-2025,4,25-4013,Museum Technicians and Conservators,1200,1300,100,8.3,150,140,390,28.78,59845,Bachelor's degree,None,None
State,California,2023-2025,4,25-4022,Librarians and Media Collections Specialists,10600,10800,200,1.9,1170,810,2180,39.35,81849,Master's degree,None,None
State,California,2023-2025,4,25-4031,Library Technicians,10600,10500,-100,-0.9,2120,1390,3410,23.18,48215,Postsecondary non-degree award,None,None
State,California,2023-2025,3,25-9000,Other Educational Instruction and Library Occupations,243600,248200,4600,1.9,26550,26360,57510,0.00,0,N/A,N/A,N/A
State,California,2023-2025,4,25-9031,Instructional Coordinators,18300,18800,500,2.7,1710,1460,3670,41.60,86522,Master's degree,5 years or more,None
State,California,2023-2025,4,25-9044,"Teaching Assistants, Postsecondary",20100,20500,400,2.0,2320,2410,5130,0.00,44684,Bachelor's degree,None,None
State,California,2023-2025,4,25-9045,"Teaching Assistants, Except Postsecondary",156000,158700,2700,1.7,17940,18610,39250,0.00,40271,"Some college, no degree",None,None
State,California,2023-2025,4,25-9099,"Educational Instruction and Library Workers, All Other",48900,49900,1000,2.0,4550,3870,9420,24.49,50935,Bachelor's degree,None,None
State,California,2023-2025,2,27-0000,"Arts, Design, Entertainment, Sports, and Media Occupations",564800,581300,16500,2.9,46460,63530,126490,38.35,79762,N/A,N/A,N/A
State,California,2023-2025,3,27-1000,Art and Design Workers,199100,203100,4000,2.0,15960,20600,40560,0.00,0,N/A,N/A,N/A
State,California,2023-2025,4,27-1011,Art Directors,32800,33300,500,1.5,3020,3150,6670,65.15,135516,Bachelor's degree,5 years or more,None
State,California,2023-2025,4,27-1012,Craft Artists,1800,1900,100,5.6,170,170,440,43.43,90334,No formal educational credential,None,Long-term on-the-job training
State,California,2023-2025,4,27-1013,"Fine Artists, Including Painters, Sculptors, and Illustrators",5200,5400,200,3.8,480,500,1180,35.89,74643,Bachelor's degree,None,Long-term on-the-job training
State,California,2023-2025,4,27-1014,Special Effects Artists and Animators,45900,47400,1500,3.3,4270,4450,10220,64.75,134664,Bachelor's degree,None,None
State,California,2023-2025,4,27-1019,"Artists and Related Workers, All Other",2000,2100,100,5.0,190,200,490,52.80,109825,No formal educational credential,None,Long-term on-the-job training
State,California,2023-2025,4,27-1021,Commercial and Industrial Designers,6000,6100,100,1.7,270,540,910,43.24,89939,Bachelor's degree,None,None
State,California,2023-2025,4,27-1022,Fashion Designers,7300,7200,-100,-1.4,410,890,1200,41.05,85380,Bachelor's degree,None,None
State,California,2023-2025,4,27-1023,Floral Designers,5200,5100,-100,-1.9,650,530,1080,18.72,38952,High school diploma or equivalent,None,Moderate-term on-the-job training
State,California,2023-2025,4,27-1024,Graphic Designers,40900,41500,600,1.5,2350,4210,7160,35.68,74207,Bachelor's degree,None,None
State,California,2023-2025,4,27-1025,Interior Designers,13600,14100,500,3.7,1180,1270,2950,37.57,78153,Bachelor's degree,None,None
State,California,2023-2025,4,27-1026,Merchandise Displayers and Window Trimmers,20900,20900,0,0.0,2010,2860,4870,19.61,40779,High school diploma or equivalent,None,Short-term on-the-job training
State,California,2023-2025,4,27-1027,Set and Exhibit Designers,8500,8800,300,3.5,470,890,1660,39.92,83023,Bachelor's degree,None,None
State,California,2023-2025,4,27-1029,"Designers, All Other",9000,9200,200,2.2,500,940,1640,38.21,79482,Bachelor's degree,None,None
State,California,2023-2025,3,27-2000,"Entertainers and Performers, Sports and Related Workers",147400,154200,6800,4.6,14930,18820,40550,0.00,0,N/A,N/A,N/A
State,California,2023-2025,4,27-2011,Actors,27000,28300,1300,4.8,2950,3340,7590,16.40,0,"Some college, no degree",None,Long-term on-the-job training
State,California,2023-2025,4,27-2012,Producers and Directors,47800,49800,2000,4.2,2770,5190,9960,53.48,111237,Bachelor's degree,Less than 5 years,None
State,California,2023-2025,4,27-2022,Coaches and Scouts,33800,35700,1900,5.6,3810,4860,10570,0.00,48360,Bachelor's degree,None,None
State,California,2023-2025,4,27-2023,"Umpires, Referees, and Other Sports Officials",4400,4700,300,6.8,1200,870,2370,0.00,34580,High school diploma or equivalent,None,Moderate-term on-the-job training
State,California,2023-2025,4,27-2031,Dancers,4500,4800,300,6.7,550,890,1740,18.86,0,No formal educational credential,None,Long-term on-the-job training
State,California,2023-2025,4,27-2032,Choreographers,2800,2900,100,3.6,330,540,970,26.46,55037,High school diploma or equivalent,5 years or more,Long-term on-the-job training
State,California,2023-2025,4,27-2041,Music Directors and Composers,5100,5300,200,3.9,500,510,1210,44.96,93522,Bachelor's degree,Less than 5 years,None
State,California,2023-2025,4,27-2042,Musicians and Singers,14800,15300,500,3.4,2090,1760,4350,48.26,0,No formal educational credential,None,Long-term on-the-job training
State,California,2023-2025,4,27-2091,"Disc Jockeys, Except Radio",1600,1700,100,6.3,120,130,350,23.18,0,High school diploma or equivalent,None,Short-term on-the-job training
State,California,2023-2025,4,27-2099,"Entertainers and Performers, Sports and Related Workers, All Other",5400,5600,200,3.7,590,710,1500,22.67,0,No formal educational credential,None,Short-term on-the-job training
State,California,2023-2025,3,27-3000,Media and Communication Workers,130600,133300,2700,2.1,10130,14050,26880,0.00,0,N/A,N/A,N/A
State,California,2023-2025,4,27-3011,Broadcast Announcers and Radio Disc Jockeys,4800,4900,100,2.1,480,500,1080,0.00,0,Bachelor's degree,None,None
State,California,2023-2025,4,27-3023,"News Analysts, Reporters, and Journalists",7200,7400,200,2.8,640,940,1780,0.00,0,Bachelor's degree,None,None
State,California,2023-2025,4,27-3031,Public Relations Specialists,31100,31900,800,2.6,1510,3420,5730,37.75,78506,Bachelor's degree,None,None
State,California,2023-2025,4,27-3041,Editors,21300,21500,200,0.9,1980,2340,4520,47.57,98942,Bachelor's degree,Less than 5 years,None
State,California,2023-2025,4,27-3042,Technical Writers,5700,5700,0,0.0,330,590,920,50.22,104467,Bachelor's degree,Less than 5 years,Short-term on-the-job training
State,California,2023-2025,4,27-3043,Writers and Authors,34900,35700,800,2.3,3160,3670,7630,52.94,110105,Bachelor's degree,None,Long-term on-the-job training
State,California,2023-2025,4,27-3091,Interpreters and Translators,9000,9200,200,2.2,920,860,1980,30.64,63750,Bachelor's degree,None,None
State,California,2023-2025,4,27-3092,Court Reporters and Simultaneous Captioners,3300,3300,0,0.0,390,240,630,52.35,108880,Postsecondary non-degree award,None,Short-term on-the-job training
State,California,2023-2025,4,27-3099,"Media and Communication Workers, All Other",13300,13700,400,3.0,720,1490,2610,40.56,84373,High school diploma or equivalent,None,Short-term on-the-job training
State,California,2023-2025,3,27-4000,Media and Communication Equipment Workers,87800,90800,3000,3.4,5440,10050,18490,0.00,0,N/A,N/A,N/A
State,California,2023-2025,4,27-4011,Audio and Video Technicians,8900,9300,400,4.5,540,1060,2000,32.15,66875,Postsecondary non-degree award,None,Short-term on-the-job training
State,California,2023-2025,4,27-4012,Broadcast Technicians,16000,16600,600,3.8,970,1890,3460,0.00,0,Associate's degree,None,Short-term on-the-job training
State,California,2023-2025,4,27-4014,Sound Engineering Technicians,6200,6300,100,1.6,370,730,1200,36.84,76637,Postsecondary non-degree award,None,Short-term on-the-job training
State,California,2023-2025,4,27-4015,Lighting Technicians,3900,4000,100,2.6,240,460,800,40.48,84186,Postsecondary non-degree award,None,Short-term on-the-job training
State,California,2023-2025,4,27-4021,Photographers,18100,18400,300,1.7,1370,1840,3510,27.73,57664,High school diploma or equivalent,None,Moderate-term on-the-job training
State,California,2023-2025,4,27-4031,"Camera Operators, Television, Video, and Film",8700,9000,300,3.4,480,1020,1800,37.23,77447,Bachelor's degree,None,None
State,California,2023-2025,4,27-4032,Film and Video Editors,21300,22300,1000,4.7,1200,2510,4710,37.29,77550,Bachelor's degree,None,None
State,California,2023-2025,4,27-4099,"Media and Communication Equipment Workers, All Other",4700,4900,200,4.3,280,560,1040,32.09,66751,High school diploma or equivalent,None,Short-term on-the-job training
State,California,2023-2025,2,29-0000,Healthcare Practitioners and Technical Occupations,981300,1017800,36500,3.7,63380,47130,147010,52.77,109773,N/A,N/A,N/A
State,California,2023-2025,3,29-1000,Health Diagnosing or Treating Practitioners,664600,688200,23600,3.6,40130,24080,87810,0.00,0,N/A,N/A,N/A
State,California,2023-2025,4,29-1011,Chiropractors,3900,3900,0,0.0,230,60,290,39.43,82016,Doctoral or professional degree,None,None
State,California,2023-2025,4,29-1021,"Dentists, General",20200,20300,100,0.5,890,240,1230,0.00,0,Doctoral or professional degree,None,None
State,California,2023-2025,4,29-1023,Orthodontists,1200,1200,0,0.0,50,10,60,0.00,0,Doctoral or professional degree,None,Internship/residency
State,California,2023-2025,4,29-1031,Dietitians and Nutritionists,10600,11000,400,3.8,780,590,1770,40.07,83355,Bachelor's degree,None,Internship/residency
State,California,2023-2025,4,29-1041,Optometrists,8500,8700,200,2.4,410,100,710,62.70,130417,Doctoral or professional degree,None,None
State,California,2023-2025,4,29-1051,Pharmacists,33000,33800,800,2.4,1540,920,3260,77.80,161819,Doctoral or professional degree,None,None
State,California,2023-2025,4,29-1071,Physician Assistants,16100,17200,1100,6.8,730,910,2740,71.15,147998,Master's degree,None,None
State,California,2023-2025,4,29-1081,Podiatrists,1000,1000,0,0.0,50,10,60,87.36,0,Doctoral or professional degree,None,Internship/residency
State,California,2023-2025,4,29-1122,Occupational Therapists,13600,14200,600,4.4,810,690,2100,52.12,108392,Master's degree,None,None
State,California,2023-2025,4,29-1123,Physical Therapists,25900,27200,1300,5.0,1220,820,3340,54.03,112390,Doctoral or professional degree,None,None
State,California,2023-2025,4,29-1125,Recreational Therapists,1600,1700,100,6.3,130,110,340,41.81,86959,Bachelor's degree,None,None
State,California,2023-2025,4,29-1126,Respiratory Therapists,16300,17200,900,5.5,1030,620,2550,48.82,101528,Associate's degree,None,None
State,California,2023-2025,4,29-1127,Speech-Language Pathologists,18400,19400,1000,5.4,1020,970,2990,52.57,109337,Master's degree,None,Internship/residency
State,California,2023-2025,4,29-1131,Veterinarians,9100,9500,400,4.4,430,180,1010,62.17,129316,Doctoral or professional degree,None,None
State,California,2023-2025,4,29-1141,Registered Nurses,337200,347400,10200,3.0,22730,14080,47010,66.23,137759,Bachelor's degree,None,None
State,California,2023-2025,4,29-1151,Nurse Anesthetists,2200,2400,200,9.1,90,90,380,115.00,0,Master's degree,None,None
State,California,2023-2025,4,29-1171,Nurse Practitioners,20300,22800,2500,12.3,950,960,4410,78.46,163201,Master's degree,None,None
State,California,2023-2025,4,29-1181,Audiologists,1300,1400,100,7.7,80,50,230,53.46,111196,Doctoral or professional degree,None,None
State,California,2023-2025,4,29-1212,Cardiologists,2200,2300,100,4.5,90,30,220,0.00,0,Doctoral or professional degree,None,Internship/residency
State,California,2023-2025,4,29-1214,Emergency Medicine Physicians,1000,1000,0,0.0,40,10,50,115.00,0,Doctoral or professional degree,None,Internship/residency
State,California,2023-2025,4,29-1215,Family Medicine Physicians,10800,11300,500,4.6,450,130,1080,111.82,0,Doctoral or professional degree,None,Internship/residency
State,California,2023-2025,4,29-1216,General Internal Medicine Physicians,7900,8200,300,3.8,330,100,730,109.16,0,Doctoral or professional degree,None,Internship/residency
State,California,2023-2025,4,29-1217,Neurologists,1800,1900,100,5.6,80,20,200,103.38,0,Doctoral or professional degree,None,Internship/residency
State,California,2023-2025,4,29-1218,Obstetricians and Gynecologists,3200,3300,100,3.1,130,40,270,0.00,0,Doctoral or professional degree,None,Internship/residency
State,California,2023-2025,4,29-1221,"Pediatricians, General",4500,4700,200,4.4,190,60,450,107.42,0,Doctoral or professional degree,None,Internship/residency
State,California,2023-2025,4,29-1222,"Physicians, Pathologists",2500,2600,100,4.0,110,30,240,0.00,0,Doctoral or professional degree,None,Internship/residency
State,California,2023-2025,4,29-1223,Psychiatrists,6200,6500,300,4.8,260,80,640,0.00,0,Doctoral or professional degree,None,Internship/residency
State,California,2023-2025,4,29-1224,Radiologists,1500,1500,0,0.0,60,20,80,0.00,0,Doctoral or professional degree,None,Internship/residency
State,California,2023-2025,4,29-1229,"Physicians, All Other",23800,24700,900,3.8,990,290,2180,115.00,0,Doctoral or professional degree,None,Internship/residency
State,California,2023-2025,4,29-1241,"Ophthalmologists, Except Pediatric",2300,2400,100,4.3,80,30,210,0.00,0,Doctoral or professional degree,None,Internship/residency
State,California,2023-2025,4,29-1242,"Orthopedic Surgeons, Except Pediatric",4100,4300,200,4.9,150,50,400,0.00,0,Doctoral or professional degree,None,Internship/residency
State,California,2023-2025,4,29-1249,"Surgeons, All Other",2200,2300,100,4.5,80,30,210,97.79,0,Doctoral or professional degree,None,Internship/residency
State,California,2023-2025,4,29-1291,Acupuncturists,7700,7800,100,1.3,770,150,1020,37.84,78693,Master's degree,None,None
State,California,2023-2025,4,29-1292,Dental Hygienists,26400,26700,300,1.1,2280,1160,3740,53.91,112110,Associate's degree,None,None
State,California,2023-2025,3,29-2000,Health Technologists and Technicians,306000,318600,12600,4.1,22540,22460,57600,0.00,0,N/A,N/A,N/A
State,California,2023-2025,4,29-2010,Clinical Laboratory Technologists and Technicians,30000,31100,1100,3.7,2070,1810,4980,30.54,63531,Bachelor's degree,None,None
State,California,2023-2025,4,29-2031,Cardiovascular Technologists and Technicians,5100,5300,200,3.9,340,290,830,39.41,81974,Associate's degree,None,None
State,California,2023-2025,4,29-2032,Diagnostic Medical Sonographers,8600,9100,500,5.8,480,410,1390,53.55,111393,Associate's degree,None,None
State,California,2023-2025,4,29-2033,Nuclear Medicine Technologists,1500,1600,100,6.7,70,70,240,65.00,135204,Associate's degree,None,None
State,California,2023-2025,4,29-2034,Radiologic Technologists and Technicians,19500,20400,900,4.6,1220,860,2980,49.63,103210,Associate's degree,None,None
State,California,2023-2025,4,29-2035,Magnetic Resonance Imaging Technologists,3000,3200,200,6.7,190,140,530,53.56,111403,Associate's degree,Less than 5 years,None
State,California,2023-2025,4,29-2042,Emergency Medical Technicians,19500,20300,800,4.1,1020,1740,3560,18.64,38775,Postsecondary non-degree award,None,None
State,California,2023-2025,4,29-2043,Paramedics,5600,5800,200,3.6,230,280,710,30.65,63760,Postsecondary non-degree award,Less than 5 years,None
State,California,2023-2025,4,29-2051,Dietetic Technicians,3700,3900,200,5.4,390,420,1010,19.63,40821,Associate's degree,None,None
State,California,2023-2025,4,29-2052,Pharmacy Technicians,37800,38700,900,2.4,2990,3850,7740,23.99,49897,High school diploma or equivalent,None,Moderate-term on-the-job training
State,California,2023-2025,4,29-2053,Psychiatric Technicians,11300,11700,400,3.5,900,980,2280,31.09,64663,Postsecondary non-degree award,Less than 5 years,Short-term on-the-job training
State,California,2023-2025,4,29-2055,Surgical Technologists,11100,11500,400,3.6,680,660,1740,37.52,78038,Postsecondary non-degree award,None,None
State,California,2023-2025,4,29-2056,Veterinary Technologists and Technicians,10700,11100,400,3.7,750,1230,2380,23.90,49720,Associate's degree,None,None
State,California,2023-2025,4,29-2057,Ophthalmic Medical Technicians,4500,4700,200,4.4,470,510,1180,23.17,48183,Postsecondary non-degree award,None,None
State,California,2023-2025,4,29-2061,Licensed Practical and Licensed Vocational Nurses,78300,82200,3900,5.0,6500,5640,16040,33.00,68630,Postsecondary non-degree award,None,None
State,California,2023-2025,4,29-2072,Medical Records Specialists,21800,22800,1000,4.6,1680,1270,3950,28.41,59087,Postsecondary non-degree award,None,None
State,California,2023-2025,4,29-2081,"Opticians, Dispensing",8900,9100,200,2.2,740,740,1680,24.02,49949,High school diploma or equivalent,None,Long-term on-the-job training
State,California,2023-2025,4,29-2091,Orthotists and Prosthetists,1000,1000,0,0.0,70,60,130,42.04,87436,Master's degree,None,Internship/residency
State,California,2023-2025,4,29-2099,"Health Technologists and Technicians, All Other",23400,24200,800,3.4,1690,1470,3960,24.92,51828,Postsecondary non-degree award,None,None
State,California,2023-2025,3,29-9000,Other Healthcare Practitioners and Technical Occupations,10700,11100,400,3.7,720,590,1710,0.00,0,N/A,N/A,N/A
State,California,2023-2025,4,29-9021,Health Information Technologists and Medical Registrars,3200,3300,100,3.1,220,180,500,42.32,88028,Associate's degree,None,None
State,California,2023-2025,4,29-9091,Athletic Trainers,2300,2400,100,4.3,160,130,390,0.00,64258,Master's degree,None,None
State,California,2023-2025,4,29-9099,"Healthcare Practitioners and Technical Workers, All Other",4700,4800,100,2.1,310,260,670,32.54,67685,Postsecondary non-degree award,None,None
State,California,2023-2025,2,31-0000,Healthcare Support Occupations,1274900,1378900,104000,8.2,192610,189860,486470,16.86,35056,N/A,N/A,N/A
State,California,2023-2025,3,31-1100,"Home Health and Personal Care Aides; and Nursing Assistants, Orderlies, and Psychiatric Aides",990600,1083400,92800,9.4,162010,141150,395960,0.00,0,N/A,N/A,N/A
State,California,2023-2025,4,31-1120,Home Health and Personal Care Aides,878100,965600,87500,10.0,147500,123000,358000,15.63,32496,High school diploma or equivalent,None,Short-term on-the-job training
State,California,2023-2025,4,31-1131,Nursing Assistants,106400,111500,5100,4.8,13790,17060,35950,20.12,41850,Postsecondary non-degree award,None,None
State,California,2023-2025,4,31-1132,Orderlies,4500,4600,100,2.2,530,800,1430,23.23,48320,High school diploma or equivalent,None,Short-term on-the-job training
State,California,2023-2025,4,31-1133,Psychiatric Aides,1600,1700,100,6.3,200,300,600,23.76,49428,High school diploma or equivalent,None,Short-term on-the-job training
State,California,2023-2025,3,31-2000,Occupational Therapy and Physical Therapist Assistants and Aides,20200,21200,1000,5.0,2010,3620,6630,0.00,0,N/A,N/A,N/A
State,California,2023-2025,4,31-2011,Occupational Therapy Assistants,3100,3300,200,6.5,320,560,1080,40.28,83773,Associate's degree,None,None
State,California,2023-2025,4,31-2021,Physical Therapist Assistants,8400,8900,500,6.0,840,1510,2850,40.33,83888,Associate's degree,None,None
State,California,2023-2025,4,31-2022,Physical Therapist Aides,8300,8400,100,1.2,810,1460,2370,17.20,35777,High school diploma or equivalent,None,Short-term on-the-job training
State,California,2023-2025,3,31-9000,Other Healthcare Support Occupations,264100,274300,10200,3.9,28590,45090,83880,0.00,0,N/A,N/A,N/A
State,California,2023-2025,4,31-9011,Massage Therapists,21100,22300,1200,5.7,2850,2950,7000,29.61,61584,Postsecondary non-degree award,None,None
State,California,2023-2025,4,31-9091,Dental Assistants,56200,56700,500,0.9,6280,9180,15960,23.20,48257,Postsecondary non-degree award,None,None
State,California,2023-2025,4,31-9092,Medical Assistants,116200,122900,6700,5.8,11220,19220,37140,22.43,46669,Postsecondary non-degree award,None,None
State,California,2023-2025,4,31-9093,Medical Equipment Preparers,8700,9000,300,3.4,990,1360,2650,30.25,62922,High school diploma or equivalent,None,Moderate-term on-the-job training
State,California,2023-2025,4,31-9094,Medical Transcriptionists,7000,6800,-200,-2.9,860,1500,2160,16.51,34346,Postsecondary non-degree award,None,None
State,California,2023-2025,4,31-9095,Pharmacy Aides,8600,8700,100,1.2,1120,1940,3160,19.57,40700,High school diploma or equivalent,None,Short-term on-the-job training
State,California,2023-2025,4,31-9096,Veterinary Assistants and Laboratory Animal Caretakers,15300,15800,500,3.3,1930,4070,6500,18.81,39133,High school diploma or equivalent,None,Short-term on-the-job training
State,California,2023-2025,4,31-9097,Phlebotomists,14100,14600,500,3.5,1410,2230,4140,23.91,49731,Postsecondary non-degree award,None,None
State,California,2023-2025,4,31-9099,"Healthcare Support Workers, All Other",17000,17400,400,2.4,1930,2650,4980,23.32,48498,High school diploma or equivalent,None,None
State,California,2023-2025,2,33-0000,Protective Service Occupations,439200,448600,9400,2.1,53460,60670,123530,23.54,48958,N/A,N/A,N/A
State,California,2023-2025,3,33-1000,Supervisors of Protective Service Workers,29600,30200,600,2.0,1920,2570,5090,0.00,0,N/A,N/A,N/A
State,California,2023-2025,4,33-1011,First-Line Supervisors of Correctional Officers,4800,4800,0,0.0,320,440,760,56.61,117743,High school diploma or equivalent,Less than 5 years,None
State,California,2023-2025,4,33-1012,First-Line Supervisors of Police and Detectives,8000,8200,200,2.5,450,600,1250,80.35,0,High school diploma or equivalent,Less than 5 years,Moderate-term on-the-job training
State,California,2023-2025,4,33-1021,First-Line Supervisors of Firefighting and Prevention Workers,6500,6600,100,1.5,320,470,890,62.03,129031,Postsecondary non-degree award,Less than 5 years,Moderate-term on-the-job training
State,California,2023-2025,4,33-1091,First-Line Supervisors of Security Workers,7700,7800,100,1.3,610,790,1500,27.99,58218,High school diploma or equivalent,Less than 5 years,None
State,California,2023-2025,4,33-1099,"First-Line Supervisors of Protective Service Workers, All Other",2600,2700,100,3.8,210,270,580,35.14,73091,High school diploma or equivalent,Less than 5 years,None
State,California,2023-2025,3,33-2000,Firefighting and Prevention Workers,34300,34900,600,1.7,1830,3320,5750,0.00,0,N/A,N/A,N/A
State,California,2023-2025,4,33-2011,Firefighters,32900,33400,500,1.5,1730,3180,5410,35.80,74461,Postsecondary non-degree award,None,Long-term on-the-job training
State,California,2023-2025,4,33-2021,Fire Inspectors and Investigators,1100,1100,0,0.0,80,100,180,46.34,96400,Postsecondary non-degree award,5 years or more,Moderate-term on-the-job training
State,California,2023-2025,3,33-3000,Law Enforcement Workers,119600,120900,1300,1.1,7560,11490,20350,0.00,0,N/A,N/A,N/A
State,California,2023-2025,4,33-3012,Correctional Officers and Jailers,36200,36100,-100,-0.3,2490,3750,6140,44.83,93253,High school diploma or equivalent,None,Moderate-term on-the-job training
State,California,2023-2025,4,33-3021,Detectives and Criminal Investigators,11800,12000,200,1.7,760,990,1950,53.89,112088,High school diploma or equivalent,Less than 5 years,Moderate-term on-the-job training
State,California,2023-2025,4,33-3041,Parking Enforcement Workers,1500,1500,0,0.0,160,150,310,28.73,59765,High school diploma or equivalent,None,Short-term on-the-job training
State,California,2023-2025,4,33-3051,Police and Sheriff's Patrol Officers,69700,70900,1200,1.7,4100,6560,11860,52.34,108869,High school diploma or equivalent,None,Moderate-term on-the-job training
State,California,2023-2025,3,33-9000,Other Protective Service Workers,255600,262600,7000,2.7,42150,43290,92440,0.00,0,N/A,N/A,N/A
State,California,2023-2025,4,33-9011,Animal Control Workers,1100,1200,100,9.1,120,90,310,29.00,60340,High school diploma or equivalent,None,Moderate-term on-the-job training
State,California,2023-2025,4,33-9021,Private Detectives and Investigators,4900,5000,100,2.0,410,490,1000,29.47,61301,High school diploma or equivalent,Less than 5 years,Moderate-term on-the-job training
State,California,2023-2025,4,33-9031,Gambling Surveillance Officers and Gambling Investigators,1800,1900,100,5.6,210,270,580,17.99,37418,High school diploma or equivalent,Less than 5 years,Moderate-term on-the-job training
State,California,2023-2025,4,33-9032,Security Guards,178200,183600,5400,3.0,20930,26900,53230,18.19,37837,High school diploma or equivalent,None,Short-term on-the-job training
State,California,2023-2025,4,33-9091,Crossing Guards and Flaggers,9200,9300,100,1.1,3160,960,4220,22.92,47672,No formal educational credential,None,Short-term on-the-job training
State,California,2023-2025,4,33-9092,"Lifeguards, Ski Patrol, and Other Recreational Protective Service Workers",11200,11600,400,3.6,3640,3060,7100,17.53,36457,No formal educational credential,None,Short-term on-the-job training
State,California,2023-2025,4,33-9093,Transportation Security Screeners,8700,9000,300,3.4,760,860,1920,25.08,52177,High school diploma or equivalent,None,Short-term on-the-job training
State,California,2023-2025,4,33-9094,School Bus Monitors,1400,1400,0,0.0,400,130,530,17.83,37084,High school diploma or equivalent,None,Short-term on-the-job training
State,California,2023-2025,4,33-9099,"Protective Service Workers, All Other",39000,39600,600,1.5,12530,10530,23660,17.80,37021,High school diploma or equivalent,None,Short-term on-the-job training
State,California,2023-2025,2,35-0000,Food Preparation and Serving Related Occupations,1612900,1677800,64900,4.0,282320,334130,681350,17.39,36175,N/A,N/A,N/A
State,California,2023-2025,3,35-1000,Supervisors of Food Preparation and Serving Workers,171600,180100,8500,5.0,17210,32960,58670,0.00,0,N/A,N/A,N/A
State,California,2023-2025,4,35-1011,Chefs and Head Cooks,20800,22000,1200,5.8,1660,3380,6240,31.36,65221,High school diploma or equivalent,5 years or more,None
State,California,2023-2025,4,35-1012,First-Line Supervisors of Food Preparation and Serving Workers,150800,158100,7300,4.8,15550,29580,52430,20.88,43439,High school diploma or equivalent,Less than 5 years,None
State,California,2023-2025,3,35-2000,Cooks and Food Preparation Workers,479900,498500,18600,3.9,71660,81560,171820,0.00,0,N/A,N/A,N/A
State,California,2023-2025,4,35-2011,"Cooks, Fast Food",155200,156400,1200,0.8,21250,25400,47850,17.14,35663,No formal educational credential,None,Short-term on-the-job training
State,California,2023-2025,4,35-2012,"Cooks, Institution and Cafeteria",25100,26600,1500,6.0,3530,4220,9250,20.27,42143,No formal educational credential,None,Short-term on-the-job training
State,California,2023-2025,4,35-2013,"Cooks, Private Household",4000,3900,-100,-2.5,540,650,1090,16.32,33927,Postsecondary non-degree award,Less than 5 years,None
State,California,2023-2025,4,35-2014,"Cooks, Restaurant",152900,165100,12200,8.0,21690,25930,59820,18.80,39112,No formal educational credential,Less than 5 years,Moderate-term on-the-job training
State,California,2023-2025,4,35-2015,"Cooks, Short Order",20700,21200,500,2.4,2850,3410,6760,17.77,36948,No formal educational credential,None,Short-term on-the-job training
State,California,2023-2025,4,35-2019,"Cooks, All Other",3000,3200,200,6.7,420,500,1120,18.18,37795,No formal educational credential,None,Moderate-term on-the-job training
State,California,2023-2025,4,35-2021,Food Preparation Workers,118900,122300,3400,2.9,21380,21460,46240,17.40,36185,No formal educational credential,None,Short-term on-the-job training
State,California,2023-2025,3,35-3000,Food and Beverage Serving Workers,749300,778000,28700,3.8,147880,179080,355660,0.00,0,N/A,N/A,N/A
State,California,2023-2025,4,35-3011,Bartenders,63800,67400,3600,5.6,7120,15300,26020,16.27,33854,No formal educational credential,None,Short-term on-the-job training
State,California,2023-2025,4,35-3023,Fast Food and Counter Workers,420400,436100,15700,3.7,94580,100950,211230,17.05,35453,No formal educational credential,None,Short-term on-the-job training
State,California,2023-2025,4,35-3031,Waiters and Waitresses,235600,243800,8200,3.5,41250,57940,107390,16.03,33342,No formal educational credential,None,Short-term on-the-job training
State,California,2023-2025,4,35-3041,"Food Servers, Nonrestaurant",29400,30800,1400,4.8,4930,4890,11220,17.52,36436,No formal educational credential,None,Short-term on-the-job training
State,California,2023-2025,3,35-9000,Other Food Preparation and Serving Related Workers,212200,221100,8900,4.2,45580,40530,95010,0.00,0,N/A,N/A,N/A
State,California,2023-2025,4,35-9011,Dining Room and Cafeteria Attendants and Bartender Helpers,73400,77000,3600,4.9,14410,13550,31560,15.90,33060,No formal educational credential,None,Short-term on-the-job training
State,California,2023-2025,4,35-9021,Dishwashers,66300,68500,2200,3.3,11880,11330,25410,17.27,35924,No formal educational credential,None,Short-term on-the-job training
State,California,2023-2025,4,35-9031,"Hosts and Hostesses, Restaurant, Lounge, and Coffee Shop",48400,50300,1900,3.9,13260,11520,26680,16.18,33645,No formal educational credential,None,Short-term on-the-job training
State,California,2023-2025,4,35-9099,"Food Preparation and Serving Related Workers, All Other",24100,25400,1300,5.4,6030,4130,11460,17.06,35474,No formal educational credential,None,Short-term on-the-job training
State,California,2023-2025,2,37-0000,Building and Grounds Cleaning and Maintenance Occupations,629600,648400,18800,3.0,79700,91440,189940,18.82,39153,N/A,N/A,N/A
State,California,2023-2025,3,37-1000,Supervisors of Building and Grounds Cleaning and Maintenance Workers,48600,50500,1900,3.9,4530,6160,12590,0.00,0,N/A,N/A,N/A
State,California,2023-2025,4,37-1011,First-Line Supervisors of Housekeeping and Janitorial Workers,23900,24900,1000,4.2,2530,3050,6580,25.03,52062,High school diploma or equivalent,Less than 5 years,None
State,California,2023-2025,4,37-1012,"First-Line Supervisors of Landscaping, Lawn Service, and Groundskeeping Workers",24700,25700,1000,4.0,2000,3110,6110,29.86,62106,High school diploma or equivalent,Less than 5 years,None
State,California,2023-2025,3,37-2000,Building Cleaning and Pest Control Workers,419800,430800,11000,2.6,59440,59230,129670,0.00,0,N/A,N/A,N/A
State,California,2023-2025,4,37-2011,"Janitors and Cleaners, Except Maids and Housekeeping Cleaners",277900,285000,7100,2.6,39200,39140,85440,18.29,38046,No formal educational credential,None,Short-term on-the-job training
State,California,2023-2025,4,37-2012,Maids and Housekeeping Cleaners,123500,126700,3200,2.6,18630,16800,38630,18.49,38464,No formal educational credential,None,Short-term on-the-job training
State,California,2023-2025,4,37-2019,"Building Cleaning Workers, All Other",5100,5400,300,5.9,730,730,1760,21.53,44787,No formal educational credential,None,Short-term on-the-job training
State,California,2023-2025,4,37-2021,Pest Control Workers,13300,13700,400,3.0,880,2570,3850,22.40,46595,High school diploma or equivalent,None,Moderate-term on-the-job training
State,California,2023-2025,3,37-3000,Grounds Maintenance Workers,161300,167100,5800,3.6,15740,26050,47590,0.00,0,N/A,N/A,N/A
State,California,2023-2025,4,37-3011,Landscaping and Groundskeeping Workers,141900,147200,5300,3.7,14370,22450,42120,19.13,39770,No formal educational credential,None,Short-term on-the-job training
State,California,2023-2025,4,37-3012,"Pesticide Handlers, Sprayers, and Applicators, Vegetation",3200,3300,100,3.1,220,610,930,22.40,46595,High school diploma or equivalent,None,Moderate-term on-the-job training
State,California,2023-2025,4,37-3013,Tree Trimmers and Pruners,10900,11300,400,3.7,800,2000,3200,30.62,63705,High school diploma or equivalent,None,Short-term on-the-job training
State,California,2023-2025,4,37-3019,"Grounds Maintenance Workers, All Other",5200,5400,200,3.8,350,980,1530,22.72,47264,No formal educational credential,None,Short-term on-the-job training
State,California,2023-2025,2,39-0000,Personal Care and Service Occupations,481700,502800,21100,4.4,68140,105560,194800,17.57,36551,N/A,N/A,N/A
State,California,2023-2025,3,39-1000,Supervisors of Personal Care and Service Workers,34000,35900,1900,5.6,2950,4550,9400,0.00,0,N/A,N/A,N/A
State,California,2023-2025,4,39-1013,First-Line Supervisors of Gambling Services Workers,4400,4600,200,4.5,380,590,1170,31.73,65994,High school diploma or equivalent,Less than 5 years,None
State,California,2023-2025,4,39-1014,"First-Line Supervisors of Entertainment and Recreation Workers, Except Gambling Services",17100,18200,1100,6.4,1490,2300,4890,22.76,47348,High school diploma or equivalent,Less than 5 years,None
State,California,2023-2025,4,39-1022,First-Line Supervisors of Personal Service Workers,12500,13100,600,4.8,1080,1670,3350,24.47,50891,High school diploma or equivalent,Less than 5 years,None
State,California,2023-2025,3,39-2000,Animal Care and Service Workers,39400,41700,2300,5.8,5040,9070,16410,0.00,0,N/A,N/A,N/A
State,California,2023-2025,4,39-2011,Animal Trainers,5600,5900,300,5.4,510,1080,1890,19.43,40418,High school diploma or equivalent,None,Moderate-term on-the-job training
State,California,2023-2025,4,39-2021,Animal Caretakers,33900,35700,1800,5.3,4520,7990,14310,17.70,36791,High school diploma or equivalent,None,Short-term on-the-job training
State,California,2023-2025,3,39-3000,Entertainment Attendants and Related Workers,96700,101100,4400,4.6,20570,30230,55200,0.00,0,N/A,N/A,N/A
State,California,2023-2025,4,39-3011,Gambling Dealers,16000,16500,500,3.1,1700,3460,5660,15.50,32240,High school diploma or equivalent,None,Short-term on-the-job training
State,California,2023-2025,4,39-3012,Gambling and Sports Book Writers and Runners,1400,1500,100,7.1,150,310,560,17.29,35945,High school diploma or equivalent,None,Short-term on-the-job training
State,California,2023-2025,4,39-3019,"Gambling Service Workers, All Other",2200,2300,100,4.5,240,480,820,17.44,36279,High school diploma or equivalent,None,Short-term on-the-job training
State,California,2023-2025,4,39-3031,"Ushers, Lobby Attendants, and Ticket Takers",14900,15400,500,3.4,4210,4630,9340,16.97,35297,No formal educational credential,None,Short-term on-the-job training
State,California,2023-2025,4,39-3091,Amusement and Recreation Attendants,57400,60500,3100,5.4,13200,19740,36040,16.61,34534,No formal educational credential,None,Short-term on-the-job training
State,California,2023-2025,4,39-3092,Costume Attendants,2100,2200,100,4.8,480,720,1300,30.69,63831,High school diploma or equivalent,None,Short-term on-the-job training
State,California,2023-2025,4,39-3093,"Locker Room, Coatroom, and Dressing Room Attendants",2000,2100,100,5.0,450,680,1230,18.81,39133,High school diploma or equivalent,None,Short-term on-the-job training
State,California,2023-2025,3,39-4000,Funeral Service Workers,5100,5300,200,3.9,490,890,1580,0.00,0,N/A,N/A,N/A
State,California,2023-2025,4,39-4021,Funeral Attendants,1900,2000,100,5.3,180,380,660,18.95,39415,High school diploma or equivalent,None,Short-term on-the-job training
State,California,2023-2025,4,39-4031,"Morticians, Undertakers, and Funeral Arrangers",2200,2300,100,4.5,210,310,620,22.78,47358,Associate's degree,None,Long-term on-the-job training
State,California,2023-2025,3,39-5000,Personal Appearance Workers,122600,126800,4200,3.4,13290,18140,35630,0.00,0,N/A,N/A,N/A
State,California,2023-2025,4,39-5011,Barbers,4100,4200,100,2.4,290,570,960,17.86,37147,Postsecondary non-degree award,None,None
State,California,2023-2025,4,39-5012,"Hairdressers, Hairstylists, and Cosmetologists",46700,48200,1500,3.2,5660,7130,14290,17.57,36551,Postsecondary non-degree award,None,None
State,California,2023-2025,4,39-5091,"Makeup Artists, Theatrical and Performance",3100,3300,200,6.5,400,640,1240,48.85,101615,Postsecondary non-degree award,None,None
State,California,2023-2025,4,39-5092,Manicurists and Pedicurists,56100,58100,2000,3.6,5640,7580,15220,16.72,34785,Postsecondary non-degree award,None,None
State,California,2023-2025,4,39-5094,Skincare Specialists,12300,12800,500,4.1,1260,2150,3910,18.36,38202,Postsecondary non-degree award,None,None
State,California,2023-2025,3,39-6000,"Baggage Porters, Bellhops, and Concierges",7800,8200,400,5.1,880,1630,2910,0.00,0,N/A,N/A,N/A
State,California,2023-2025,4,39-6011,Baggage Porters and Bellhops,4300,4600,300,7.0,490,900,1690,17.95,37324,High school diploma or equivalent,None,Short-term on-the-job training
State,California,2023-2025,4,39-6012,Concierges,3500,3600,100,2.9,390,720,1210,19.52,40606,High school diploma or equivalent,None,Moderate-term on-the-job training
State,California,2023-2025,3,39-7000,Tour and Travel Guides,8200,8300,100,1.2,1520,1960,3580,0.00,0,N/A,N/A,N/A
State,California,2023-2025,4,39-7010,Tour and Travel Guides,8200,8300,100,1.2,1520,1960,3580,18.81,39133,High school diploma or equivalent,None,Moderate-term on-the-job training
State,California,2023-2025,3,39-9000,Other Personal Care and Service Workers,167700,175600,7900,4.7,23410,39100,70410,0.00,0,N/A,N/A,N/A
State,California,2023-2025,4,39-9011,Childcare Workers,56900,57000,100,0.2,8220,10620,18940,17.97,37356,High school diploma or equivalent,None,Short-term on-the-job training
State,California,2023-2025,4,39-9031,Exercise Trainers and Group Fitness Instructors,49700,54600,4900,9.9,6330,12780,24010,28.01,58260,High school diploma or equivalent,None,Short-term on-the-job training
State,California,2023-2025,4,39-9032,Recreation Workers,44600,46700,2100,4.7,6690,11920,20710,17.24,35840,High school diploma or equivalent,None,Short-term on-the-job training
State,California,2023-2025,4,39-9041,Residential Advisors,8800,9200,400,4.5,1010,2090,3500,20.91,43502,High school diploma or equivalent,None,Short-term on-the-job training
State,California,2023-2025,4,39-9099,"Personal Care and Service Workers, All Other",7800,8200,400,5.1,1170,1690,3260,17.74,36896,High school diploma or equivalent,None,Short-term on-the-job training
State,California,2023-2025,2,41-0000,Sales and Related Occupations,1566000,1572500,6500,0.4,185740,224870,417110,19.04,39597,N/A,N/A,N/A
State,California,2023-2025,3,41-1000,Supervisors of Sales Workers,156000,155900,-100,-0.1,11860,17690,29450,0.00,0,N/A,N/A,N/A
State,California,2023-2025,4,41-1011,First-Line Supervisors of Retail Sales Workers,126900,127000,100,0.1,9890,14980,24970,23.63,49135,High school diploma or equivalent,Less than 5 years,None
State,California,2023-2025,4,41-1012,First-Line Supervisors of Non-Retail Sales Workers,29200,28900,-300,-1.0,1960,2710,4370,41.10,85484,High school diploma or equivalent,Less than 5 years,None
State,California,2023-2025,3,41-2000,Retail Sales Workers,826100,829500,3400,0.4,130680,141570,275650,0.00,0,N/A,N/A,N/A
State,California,2023-2025,4,41-2011,Cashiers,395800,394600,-1200,-0.3,76020,76600,151420,16.71,34736,No formal educational credential,None,Short-term on-the-job training
State,California,2023-2025,4,41-2012,Gambling Change Persons and Booth Cashiers,3100,3200,100,3.2,610,610,1320,17.96,37353,No formal educational credential,None,Short-term on-the-job training
State,California,2023-2025,4,41-2021,Counter and Rental Clerks,73700,75800,2100,2.8,8460,8850,19410,18.82,39132,No formal educational credential,None,Short-term on-the-job training
State,California,2023-2025,4,41-2022,Parts Salespersons,27900,28400,500,1.8,2740,3820,7060,18.50,38480,No formal educational credential,None,Moderate-term on-the-job training
State,California,2023-2025,4,41-2031,Retail Salespersons,325500,327500,2000,0.6,42860,51690,96550,17.29,35956,No formal educational credential,None,Short-term on-the-job training
State,California,2023-2025,3,41-3000,"Sales Representatives, Services",255900,256900,1000,0.4,15270,29310,45580,0.00,0,N/A,N/A,N/A
State,California,2023-2025,4,41-3011,Advertising Sales Agents,9900,9800,-100,-1.0,700,1380,1980,31.15,64775,High school diploma or equivalent,None,Moderate-term on-the-job training
State,California,2023-2025,4,41-3021,Insurance Sales Agents,50600,50600,0,0.0,3790,4200,7990,32.78,68178,High school diploma or equivalent,None,Moderate-term on-the-job training
State,California,2023-2025,4,41-3031,"Securities, Commodities, and Financial Services Sales Agents",60600,60000,-600,-1.0,3340,5470,8210,32.32,67206,Bachelor's degree,None,Moderate-term on-the-job training
State,California,2023-2025,4,41-3041,Travel Agents,6500,6200,-300,-4.6,820,760,1280,24.16,50252,High school diploma or equivalent,None,Moderate-term on-the-job training
State,California,2023-2025,4,41-3091,"Sales Representatives of Services, Except Advertising, Insurance, Financial Services, and Travel",128200,130200,2000,1.6,6630,17500,26130,36.43,75771,High school diploma or equivalent,None,Moderate-term on-the-job training
State,California,2023-2025,3,41-4000,"Sales Representatives, Wholesale and Manufacturing",187300,188100,800,0.4,12490,20510,33800,0.00,0,N/A,N/A,N/A
State,California,2023-2025,4,41-4011,"Sales Representatives, Wholesale and Manufacturing, Technical and Scientific Products",36600,36800,200,0.5,2440,4010,6650,56.66,117841,Bachelor's degree,None,Moderate-term on-the-job training
State,California,2023-2025,4,41-4012,"Sales Representatives, Wholesale and Manufacturing, Except Technical and Scientific Products",150600,151300,700,0.5,10040,16500,27240,32.47,67547,High school diploma or equivalent,None,Moderate-term on-the-job training
State,California,2023-2025,3,41-9000,Other Sales and Related Workers,140700,142200,1500,1.1,15440,15790,32730,0.00,0,N/A,N/A,N/A
State,California,2023-2025,4,41-9011,Demonstrators and Product Promoters,8900,9100,200,2.2,1990,1270,3460,18.93,39380,No formal educational credential,None,Short-term on-the-job training
State,California,2023-2025,4,41-9021,Real Estate Brokers,18600,19000,400,2.2,1750,1360,3510,0.00,0,High school diploma or equivalent,Less than 5 years,None
State,California,2023-2025,4,41-9022,Real Estate Sales Agents,41900,42800,900,2.1,3950,3070,7920,29.31,60958,High school diploma or equivalent,None,Moderate-term on-the-job training
State,California,2023-2025,4,41-9031,Sales Engineers,11700,11800,100,0.9,720,1400,2220,61.95,128857,Bachelor's degree,None,Moderate-term on-the-job training
State,California,2023-2025,4,41-9041,Telemarketers,6300,6000,-300,-4.8,610,1040,1350,18.09,37632,No formal educational credential,None,Short-term on-the-job training
State,California,2023-2025,4,41-9091,"Door-to-Door Sales Workers, News and Street Vendors, and Related Workers",9800,9500,-300,-3.1,1530,1090,2320,17.17,35718,No formal educational credential,None,Short-term on-the-job training
State,California,2023-2025,4,41-9099,"Sales and Related Workers, All Other",43000,43400,400,0.9,4780,6490,11670,27.42,57038,High school diploma or equivalent,None,None
State,California,2023-2025,2,43-0000,Office and Administrative Support Occupations,2097300,2096500,-800,0.0,220790,246400,466390,23.58,49055,N/A,N/A,N/A
State,California,2023-2025,3,43-1000,Supervisors of Office and Administrative Support Workers,163500,163900,400,0.2,13700,17550,31650,0.00,0,N/A,N/A,N/A
State,California,2023-2025,4,43-1011,First-Line Supervisors of Office and Administrative Support Workers,163500,163900,400,0.2,13700,17550,31650,32.97,68588,High school diploma or equivalent,Less than 5 years,None
State,California,2023-2025,3,43-2000,Communications Equipment Operators,10200,10000,-200,-2.0,930,1100,1830,0.00,0,N/A,N/A,N/A
State,California,2023-2025,4,43-2011,"Switchboard Operators, Including Answering Service",9700,9400,-300,-3.1,850,1030,1580,21.29,44283,High school diploma or equivalent,None,Short-term on-the-job training
State,California,2023-2025,3,43-3000,Financial Clerks,340900,340300,-600,-0.2,38570,36160,74130,0.00,0,N/A,N/A,N/A
State,California,2023-2025,4,43-3011,Bill and Account Collectors,19800,19600,-200,-1.0,1910,2260,3970,23.99,49892,High school diploma or equivalent,None,Moderate-term on-the-job training
State,California,2023-2025,4,43-3021,Billing and Posting Clerks,57700,58700,1000,1.7,5510,6390,12900,23.45,48766,High school diploma or equivalent,None,Moderate-term on-the-job training
State,California,2023-2025,4,43-3031,"Bookkeeping, Accounting, and Auditing Clerks",192700,193600,900,0.5,25050,19690,45640,25.11,52226,"Some college, no degree",None,Moderate-term on-the-job training
State,California,2023-2025,4,43-3041,Gambling Cage Workers,2400,2400,0,0.0,180,300,480,17.85,37135,High school diploma or equivalent,None,Short-term on-the-job training
State,California,2023-2025,4,43-3051,Payroll and Timekeeping Clerks,27900,27500,-400,-1.4,2680,2870,5150,28.47,59219,High school diploma or equivalent,None,Moderate-term on-the-job training
State,California,2023-2025,4,43-3061,Procurement Clerks,7400,7400,0,0.0,450,930,1380,24.07,50057,High school diploma or equivalent,None,Moderate-term on-the-job training
State,California,2023-2025,4,43-3071,Tellers,27600,25700,-1900,-6.9,2390,3020,3510,19.83,41246,High school diploma or equivalent,None,Short-term on-the-job training
State,California,2023-2025,4,43-3099,"Financial Clerks, All Other",5500,5500,0,0.0,410,690,1100,24.79,51565,High school diploma or equivalent,None,Short-term on-the-job training
State,California,2023-2025,3,43-4000,Information and Record Clerks,514300,515200,900,0.2,56140,72480,129520,0.00,0,N/A,N/A,N/A
State,California,2023-2025,4,43-4011,Brokerage Clerks,4300,4200,-100,-2.3,450,520,870,24.96,51916,High school diploma or equivalent,None,Moderate-term on-the-job training
State,California,2023-2025,4,43-4021,Correspondence Clerks,1000,1000,0,0.0,100,140,240,20.47,42589,High school diploma or equivalent,None,Short-term on-the-job training
State,California,2023-2025,4,43-4031,"Court, Municipal, and License Clerks",13000,13200,200,1.5,1360,1250,2810,27.77,57752,High school diploma or equivalent,None,Long-term on-the-job training
State,California,2023-2025,4,43-4041,"Credit Authorizers, Checkers, and Clerks",1600,1600,0,0.0,120,150,270,21.81,45347,High school diploma or equivalent,None,Moderate-term on-the-job training
State,California,2023-2025,4,43-4051,Customer Service Representatives,210200,209100,-1100,-0.5,23440,32880,55220,21.99,45739,High school diploma or equivalent,None,Short-term on-the-job training
State,California,2023-2025,4,43-4061,"Eligibility Interviewers, Government Programs",30700,31200,500,1.6,2430,2900,5830,29.04,60386,High school diploma or equivalent,None,Moderate-term on-the-job training
State,California,2023-2025,4,43-4071,File Clerks,12100,11800,-300,-2.5,1470,1440,2610,20.56,42754,High school diploma or equivalent,None,Short-term on-the-job training
State,California,2023-2025,4,43-4081,"Hotel, Motel, and Resort Desk Clerks",28700,29900,1200,4.2,3700,5620,10520,17.63,36670,High school diploma or equivalent,None,Short-term on-the-job training
State,California,2023-2025,4,43-4111,"Interviewers, Except Eligibility and Loan",22000,22100,100,0.5,2310,2970,5380,23.41,48683,High school diploma or equivalent,None,Short-term on-the-job training
State,California,2023-2025,4,43-4121,"Library Assistants, Clerical",7200,7200,0,0.0,1420,1070,2490,22.82,47454,High school diploma or equivalent,None,Short-term on-the-job training
State,California,2023-2025,4,43-4131,Loan Interviewers and Clerks,25300,24500,-800,-3.2,1680,2420,3300,23.68,49251,High school diploma or equivalent,None,Short-term on-the-job training
State,California,2023-2025,4,43-4141,New Accounts Clerks,2000,1900,-100,-5.0,120,230,250,22.82,47475,High school diploma or equivalent,None,Moderate-term on-the-job training
State,California,2023-2025,4,43-4151,Order Clerks,21300,20600,-700,-3.3,2010,2720,4030,20.58,42806,"Some college, no degree",None,Short-term on-the-job training
State,California,2023-2025,4,43-4161,"Human Resources Assistants, Except Payroll and Timekeeping",15200,15200,0,0.0,1320,2030,3350,24.59,51152,Associate's degree,None,None
State,California,2023-2025,4,43-4171,Receptionists and Information Clerks,79900,81400,1500,1.9,10210,11210,22920,18.59,38663,High school diploma or equivalent,None,Short-term on-the-job training
State,California,2023-2025,4,43-4181,Reservation and Transportation Ticket Agents and Travel Clerks,15700,15800,100,0.6,1500,1970,3570,18.80,39097,High school diploma or equivalent,None,Short-term on-the-job training
State,California,2023-2025,4,43-4199,"Information and Record Clerks, All Other",24000,24500,500,2.1,2510,2960,5970,25.15,52319,High school diploma or equivalent,None,Short-term on-the-job training
State,California,2023-2025,3,43-5000,"Material Recording, Scheduling, Dispatching, and Distributing Workers",292100,291400,-700,-0.2,24740,32280,56320,0.00,0,N/A,N/A,N/A
State,California,2023-2025,4,43-5011,Cargo and Freight Agents,11700,11700,0,0.0,930,1420,2350,24.06,50036,High school diploma or equivalent,None,Short-term on-the-job training
State,California,2023-2025,4,43-5021,Couriers and Messengers,30000,29800,-200,-0.7,2870,3490,6160,19.61,40771,High school diploma or equivalent,None,Short-term on-the-job training
State,California,2023-2025,4,43-5031,Public Safety Telecommunicators,8100,8200,100,1.2,750,860,1710,36.14,75178,High school diploma or equivalent,None,Moderate-term on-the-job training
State,California,2023-2025,4,43-5032,"Dispatchers, Except Police, Fire, and Ambulance",24700,25000,300,1.2,1980,2670,4950,23.22,48301,High school diploma or equivalent,None,Moderate-term on-the-job training
State,California,2023-2025,4,43-5051,Postal Service Clerks,6500,6400,-100,-1.5,630,460,990,28.91,60139,No formal educational credential,None,Short-term on-the-job training
State,California,2023-2025,4,43-5052,Postal Service Mail Carriers,31200,30800,-400,-1.3,2510,2110,4220,28.61,59519,No formal educational credential,None,Short-term on-the-job training
State,California,2023-2025,4,43-5053,"Postal Service Mail Sorters, Processors, and Processing Machine Operators",12800,12500,-300,-2.3,1330,890,1920,25.41,52856,No formal educational credential,None,Short-term on-the-job training
State,California,2023-2025,4,43-5061,"Production, Planning, and Expediting Clerks",59800,61000,1200,2.0,4690,7530,13420,27.64,57484,High school diploma or equivalent,None,Moderate-term on-the-job training
State,California,2023-2025,4,43-5071,"Shipping, Receiving, and Inventory Clerks",97100,95700,-1400,-1.4,7950,11480,18030,19.54,40657,High school diploma or equivalent,None,Short-term on-the-job training
State,California,2023-2025,4,43-5111,"Weighers, Measurers, Checkers, and Samplers, Recordkeeping",9400,9300,-100,-1.1,1010,1270,2180,19.73,41029,High school diploma or equivalent,None,Short-term on-the-job training
State,California,2023-2025,3,43-6000,Secretaries and Administrative Assistants,394200,394600,400,0.1,43110,41630,85140,0.00,0,N/A,N/A,N/A
State,California,2023-2025,4,43-6011,Executive Secretaries and Executive Administrative Assistants,62900,61000,-1900,-3.0,5590,6990,10680,38.58,80240,High school diploma or equivalent,Less than 5 years,None
State,California,2023-2025,4,43-6012,Legal Secretaries and Administrative Assistants,22100,21400,-700,-3.2,2520,2380,4200,25.59,53218,High school diploma or equivalent,None,Moderate-term on-the-job training
State,California,2023-2025,4,43-6013,Medical Secretaries and Administrative Assistants,111200,115300,4100,3.7,12010,11470,27580,22.72,47268,High school diploma or equivalent,None,Moderate-term on-the-job training
State,California,2023-2025,4,43-6014,"Secretaries and Administrative Assistants, Except Legal, Medical, and Executive",198100,196800,-1300,-0.7,22990,20790,42480,24.11,50150,High school diploma or equivalent,None,Short-term on-the-job training
State,California,2023-2025,3,43-9000,Other Office and Administrative Support Workers,382100,381200,-900,-0.2,43600,45200,87900,0.00,0,N/A,N/A,N/A
State,California,2023-2025,4,43-9021,Data Entry Keyers,17600,16900,-700,-4.0,1730,2270,3300,19.50,40554,High school diploma or equivalent,None,Short-term on-the-job training
State,California,2023-2025,4,43-9022,Word Processors and Typists,10500,9800,-700,-6.7,1590,1100,1990,25.02,52040,High school diploma or equivalent,None,Short-term on-the-job training
State,California,2023-2025,4,43-9041,Insurance Claims and Policy Processing Clerks,21000,20700,-300,-1.4,1680,2070,3450,24.36,50656,High school diploma or equivalent,None,Moderate-term on-the-job training
State,California,2023-2025,4,43-9051,"Mail Clerks and Mail Machine Operators, Except Postal Service",4000,4000,0,0.0,530,510,1040,19.31,40151,High school diploma or equivalent,None,Short-term on-the-job training
State,California,2023-2025,4,43-9061,"Office Clerks, General",282100,283200,1100,0.4,34160,33240,68500,21.05,43787,High school diploma or equivalent,None,Short-term on-the-job training
State,California,2023-2025,4,43-9071,"Office Machine Operators, Except Computer",2500,2400,-100,-4.0,290,370,560,20.21,42052,High school diploma or equivalent,None,Short-term on-the-job training
State,California,2023-2025,4,43-9199,"Office and Administrative Support Workers, All Other",42900,42700,-200,-0.5,3480,5470,8750,21.09,43859,High school diploma or equivalent,None,Short-term on-the-job training
State,California,2023-2025,2,45-0000,"Farming, Fishing, and Forestry Occupations",388700,387300,-1400,-0.4,43680,70060,112340,16.65,34632,N/A,N/A,N/A
State,California,2023-2025,3,45-1000,"Supervisors of Farming, Fishing, and Forestry Workers",17800,17900,100,0.6,1870,2800,4770,0.00,0,N/A,N/A,N/A
State,California,2023-2025,4,45-1011,"First-Line Supervisors of Farming, Fishing, and Forestry Workers",17800,17900,100,0.6,1870,2800,4770,26.01,54097,High school diploma or equivalent,Less than 5 years,None
State,California,2023-2025,3,45-2000,Agricultural Workers,363800,362100,-1700,-0.5,41060,65760,105120,0.00,0,N/A,N/A,N/A
State,California,2023-2025,4,45-2011,Agricultural Inspectors,2400,2500,100,4.2,230,540,870,23.30,48456,Bachelor's degree,None,Moderate-term on-the-job training
State,California,2023-2025,4,45-2041,"Graders and Sorters, Agricultural Products",8400,8300,-100,-1.2,900,1490,2290,16.47,34260,No formal educational credential,None,Short-term on-the-job training
State,California,2023-2025,4,45-2091,Agricultural Equipment Operators,17300,17300,0,0.0,1960,3130,5090,18.40,38259,No formal educational credential,None,Moderate-term on-the-job training
State,California,2023-2025,4,45-2092,"Farmworkers and Laborers, Crop, Nursery, and Greenhouse",315100,313500,-1600,-0.5,35630,56880,90910,16.49,34291,No formal educational credential,None,Short-term on-the-job training
State,California,2023-2025,4,45-2093,"Farmworkers, Farm, Ranch, and Aquacultural Animals",17700,17600,-100,-0.6,2000,3190,5090,22.10,45956,No formal educational credential,None,Short-term on-the-job training
State,California,2023-2025,4,45-2099,"Agricultural Workers, All Other",2300,2300,0,0.0,270,420,690,20.55,42753,No formal educational credential,None,Short-term on-the-job training
State,California,2023-2025,3,45-4000,"Forest, Conservation, and Logging Workers",6700,6900,200,3.0,700,1440,2340,0.00,0,N/A,N/A,N/A
State,California,2023-2025,4,45-4011,Forest and Conservation Workers,3100,3100,0,0.0,340,770,1110,15.50,32235,High school diploma or equivalent,None,Moderate-term on-the-job training
State,California,2023-2025,4,45-4022,Logging Equipment Operators,2000,2100,100,5.0,200,380,680,29.69,61774,High school diploma or equivalent,None,Moderate-term on-the-job training
State,California,2023-2025,2,47-0000,Construction and Extraction Occupations,850300,885400,35100,4.1,58030,86250,179380,30.75,63954,N/A,N/A,N/A
State,California,2023-2025,3,47-1000,Supervisors of Construction and Extraction Workers,75500,78800,3300,4.4,5130,7010,15440,0.00,0,N/A,N/A,N/A
State,California,2023-2025,4,47-1011,First-Line Supervisors of Construction Trades and Extraction Workers,75500,78800,3300,4.4,5130,7010,15440,43.09,89628,High school diploma or equivalent,5 years or more,None
State,California,2023-2025,3,47-2000,Construction Trades Workers,697400,726800,29400,4.2,46260,69820,145480,0.00,0,N/A,N/A,N/A
State,California,2023-2025,4,47-2021,Brickmasons and Blockmasons,4100,4200,100,2.4,290,360,750,34.87,72519,High school diploma or equivalent,None,Apprenticeship
State,California,2023-2025,4,47-2022,Stonemasons,3200,3300,100,3.1,230,290,620,29.73,61836,High school diploma or equivalent,None,Apprenticeship
State,California,2023-2025,4,47-2031,Carpenters,157400,164500,7100,4.5,11210,15160,33470,31.85,66247,High school diploma or equivalent,None,Apprenticeship
State,California,2023-2025,4,47-2041,Carpet Installers,4600,4500,-100,-2.2,290,410,600,22.84,47516,No formal educational credential,None,Short-term on-the-job training
State,California,2023-2025,4,47-2042,"Floor Layers, Except Carpet, Wood, and Hard Tiles",6400,6700,300,4.7,420,590,1310,25.76,53581,No formal educational credential,None,Moderate-term on-the-job training
State,California,2023-2025,4,47-2044,Tile and Stone Setters,12200,12700,500,4.1,800,1120,2420,29.28,60896,No formal educational credential,None,Long-term on-the-job training
State,California,2023-2025,4,47-2051,Cement Masons and Concrete Finishers,27300,28100,800,2.9,1400,2740,4940,29.48,61298,No formal educational credential,None,Moderate-term on-the-job training
State,California,2023-2025,4,47-2061,Construction Laborers,133600,140400,6800,5.1,9470,13830,30100,24.30,50553,No formal educational credential,None,Short-term on-the-job training
State,California,2023-2025,4,47-2071,"Paving, Surfacing, and Tamping Equipment Operators",2300,2400,100,4.3,160,240,500,32.20,66991,High school diploma or equivalent,None,Moderate-term on-the-job training
State,California,2023-2025,4,47-2073,Operating Engineers and Other Construction Equipment Operators,34100,35700,1600,4.7,2310,3520,7430,39.38,81921,High school diploma or equivalent,None,Moderate-term on-the-job training
State,California,2023-2025,4,47-2081,Drywall and Ceiling Tile Installers,38000,39000,1000,2.6,1850,3210,6060,30.74,63923,No formal educational credential,None,Moderate-term on-the-job training
State,California,2023-2025,4,47-2082,Tapers,5600,5700,100,1.8,270,470,840,27.35,56897,No formal educational credential,None,Moderate-term on-the-job training
State,California,2023-2025,4,47-2111,Electricians,82400,86600,4200,5.1,5620,9110,18930,35.28,73387,High school diploma or equivalent,None,Apprenticeship
State,California,2023-2025,4,47-2121,Glaziers,6800,7000,200,2.9,570,770,1540,29.66,61691,High school diploma or equivalent,None,Apprenticeship
State,California,2023-2025,4,47-2131,"Insulation Workers, Floor, Ceiling, and Wall",1900,2000,100,5.3,110,180,390,27.00,56153,No formal educational credential,None,Short-term on-the-job training
State,California,2023-2025,4,47-2141,"Painters, Construction and Maintenance",60500,62300,1800,3.0,4170,5240,11210,24.75,51483,No formal educational credential,None,Moderate-term on-the-job training
State,California,2023-2025,4,47-2142,Paperhangers,1400,1400,0,0.0,90,120,210,24.10,50130,No formal educational credential,None,Long-term on-the-job training
State,California,2023-2025,4,47-2151,Pipelayers,2500,2500,0,0.0,110,260,370,29.65,61681,No formal educational credential,None,Short-term on-the-job training
State,California,2023-2025,4,47-2152,"Plumbers, Pipefitters, and Steamfitters",44200,46000,1800,4.1,2840,4840,9480,31.12,64739,High school diploma or equivalent,None,Apprenticeship
State,California,2023-2025,4,47-2161,Plasterers and Stucco Masons,8500,8700,200,2.4,530,690,1420,28.42,59118,No formal educational credential,None,Long-term on-the-job training
State,California,2023-2025,4,47-2171,Reinforcing Iron and Rebar Workers,4600,4700,100,2.2,330,410,840,28.21,58674,High school diploma or equivalent,None,Apprenticeship
State,California,2023-2025,4,47-2181,Roofers,21400,22100,700,3.3,1180,2150,4030,30.80,64057,No formal educational credential,None,Moderate-term on-the-job training
State,California,2023-2025,4,47-2211,Sheet Metal Workers,12100,12400,300,2.5,900,1320,2520,37.80,78646,High school diploma or equivalent,None,Apprenticeship
State,California,2023-2025,4,47-2221,Structural Iron and Steel Workers,9500,9800,300,3.2,490,1150,1940,31.51,65545,High school diploma or equivalent,None,Apprenticeship
State,California,2023-2025,4,47-2231,Solar Photovoltaic Installers,10300,11300,1000,9.7,460,1420,2880,24.61,51194,High school diploma or equivalent,None,Moderate-term on-the-job training
State,California,2023-2025,3,47-3000,"Helpers, Construction Trades",22700,23400,700,3.1,1650,3410,5760,0.00,0,N/A,N/A,N/A
State,California,2023-2025,4,47-3011,"Helpers--Brickmasons, Blockmasons, Stonemasons, and Tile and Marble Setters",4400,4400,0,0.0,320,650,970,22.24,46255,No formal educational credential,None,Short-term on-the-job training
State,California,2023-2025,4,47-3012,Helpers--Carpenters,3000,3100,100,3.3,220,460,780,23.87,49634,No formal educational credential,None,Short-term on-the-job training
State,California,2023-2025,4,47-3013,Helpers--Electricians,3800,3900,100,2.6,280,570,950,20.42,42464,High school diploma or equivalent,None,Short-term on-the-job training
State,California,2023-2025,4,47-3014,"Helpers--Painters, Paperhangers, Plasterers, and Stucco Masons",2600,2700,100,3.8,190,390,680,20.56,42774,No formal educational credential,None,Short-term on-the-job training
State,California,2023-2025,4,47-3015,"Helpers--Pipelayers, Plumbers, Pipefitters, and Steamfitters",2700,2800,100,3.7,200,410,710,19.21,39943,High school diploma or equivalent,None,Short-term on-the-job training
State,California,2023-2025,4,47-3016,Helpers--Roofers,1400,1500,100,7.1,110,220,430,22.51,46824,No formal educational credential,None,Short-term on-the-job training
State,California,2023-2025,4,47-3019,"Helpers, Construction Trades, All Other",4800,4900,100,2.1,350,720,1170,21.73,45202,No formal educational credential,None,Short-term on-the-job training
State,California,2023-2025,3,47-4000,Other Construction and Related Workers,44700,46200,1500,3.4,4240,4700,10440,0.00,0,N/A,N/A,N/A
State,California,2023-2025,4,47-4011,Construction and Building Inspectors,15000,15500,500,3.3,1990,1460,3950,46.49,96706,High school diploma or equivalent,5 years or more,Moderate-term on-the-job training
State,California,2023-2025,4,47-4021,Elevator and Escalator Installers and Repairers,2300,2400,100,4.3,140,240,480,63.00,131048,High school diploma or equivalent,None,Apprenticeship
State,California,2023-2025,4,47-4031,Fence Erectors,7500,7800,300,4.0,410,850,1560,21.70,45119,No formal educational credential,None,Moderate-term on-the-job training
State,California,2023-2025,4,47-4041,Hazardous Materials Removal Workers,7500,7700,200,2.7,670,940,1810,25.40,52826,High school diploma or equivalent,None,Moderate-term on-the-job training
State,California,2023-2025,4,47-4051,Highway Maintenance Workers,7100,7300,200,2.8,640,640,1480,26.03,54128,High school diploma or equivalent,None,Moderate-term on-the-job training
State,California,2023-2025,4,47-4071,Septic Tank Servicers and Sewer Pipe Cleaners,2800,2900,100,3.6,210,300,610,23.97,49861,High school diploma or equivalent,None,Moderate-term on-the-job training
State,California,2023-2025,4,47-4090,Miscellaneous Construction and Related Workers,2200,2300,100,4.5,170,250,520,28.53,59335,High school diploma or equivalent,None,Moderate-term on-the-job training
State,California,2023-2025,3,47-5000,Extraction Workers,10000,10200,200,2.0,750,1310,2260,0.00,0,N/A,N/A,N/A
State,California,2023-2025,4,47-5013,"Service Unit Operators, Oil and Gas",2500,2500,0,0.0,150,360,510,29.23,60803,No formal educational credential,None,Moderate-term on-the-job training
State,California,2023-2025,4,47-5022,"Excavating and Loading Machine and Dragline Operators, Surface Mining",1400,1400,0,0.0,130,150,280,32.40,67394,High school diploma or equivalent,Less than 5 years,Moderate-term on-the-job training
State,California,2023-2025,4,47-5023,"Earth Drillers, Except Oil and Gas",2000,2100,100,5.0,190,220,510,29.32,60989,High school diploma or equivalent,Less than 5 years,Long-term on-the-job training
State,California,2023-2025,4,47-5071,"Roustabouts, Oil and Gas",1200,1200,0,0.0,70,180,250,30.10,62600,No formal educational credential,None,Moderate-term on-the-job training
State,California,2023-2025,2,49-0000,"Installation, Maintenance, and Repair Occupations",586900,603400,16500,2.8,45650,58630,120780,29.50,61383,N/A,N/A,N/A
State,California,2023-2025,3,49-1000,"Supervisors of Installation, Maintenance, and Repair Workers",50600,52000,1400,2.8,3950,4450,9800,0.00,0,N/A,N/A,N/A
State,California,2023-2025,4,49-1011,"First-Line Supervisors of Mechanics, Installers, and Repairers",50600,52000,1400,2.8,3950,4450,9800,40.29,83799,High school diploma or equivalent,Less than 5 years,None
State,California,2023-2025,3,49-2000,"Electrical and Electronic Equipment Mechanics, Installers, and Repairers",56900,57700,800,1.4,4110,6870,11780,0.00,0,N/A,N/A,N/A
State,California,2023-2025,4,49-2011,"Computer, Automated Teller, and Office Machine Repairers",12800,12600,-200,-1.6,870,1560,2230,24.81,51610,"Some college, no degree",None,Short-term on-the-job training
State,California,2023-2025,4,49-2021,"Radio, Cellular, and Tower Equipment Installers and Repairers",1400,1400,0,0.0,100,180,280,35.17,73166,Associate's degree,None,Moderate-term on-the-job training
State,California,2023-2025,4,49-2022,"Telecommunications Equipment Installers and Repairers, Except Line Installers",16100,16200,100,0.6,1150,2090,3340,33.14,68938,Postsecondary non-degree award,None,Moderate-term on-the-job training
State,California,2023-2025,4,49-2091,Avionics Technicians,3600,3800,200,5.6,370,280,850,42.78,88981,Associate's degree,None,None
State,California,2023-2025,4,49-2094,"Electrical and Electronics Repairers, Commercial and Industrial Equipment",5700,5800,100,1.8,380,580,1060,35.99,74856,Postsecondary non-degree award,None,Long-term on-the-job training
State,California,2023-2025,4,49-2095,"Electrical and Electronics Repairers, Powerhouse, Substation, and Relay",1800,1800,0,0.0,120,180,300,51.98,108123,Postsecondary non-degree award,Less than 5 years,Moderate-term on-the-job training
State,California,2023-2025,4,49-2096,"Electronic Equipment Installers and Repairers, Motor Vehicles",1100,1100,0,0.0,80,120,200,18.02,37474,High school diploma or equivalent,None,Moderate-term on-the-job training
State,California,2023-2025,4,49-2097,Audiovisual Equipment Installers and Repairers,2800,2900,100,3.6,150,400,650,24.45,50854,Postsecondary non-degree award,None,Short-term on-the-job training
State,California,2023-2025,4,49-2098,Security and Fire Alarm Systems Installers,10000,10400,400,4.0,770,1330,2500,30.48,63394,High school diploma or equivalent,None,Moderate-term on-the-job training
State,California,2023-2025,3,49-3000,"Vehicle and Mobile Equipment Mechanics, Installers, and Repairers",169600,174600,5000,2.9,12350,17110,34460,0.00,0,N/A,N/A,N/A
State,California,2023-2025,4,49-3011,Aircraft Mechanics and Service Technicians,14900,15400,500,3.4,890,1290,2680,38.23,79519,Postsecondary non-degree award,None,None
State,California,2023-2025,4,49-3021,Automotive Body and Related Repairers,14600,15200,600,4.1,1280,1270,3150,30.14,62679,High school diploma or equivalent,None,Long-term on-the-job training
State,California,2023-2025,4,49-3022,Automotive Glass Installers and Repairers,1800,1900,100,5.6,100,190,390,24.88,51745,High school diploma or equivalent,None,Moderate-term on-the-job training
State,California,2023-2025,4,49-3023,Automotive Service Technicians and Mechanics,72000,74300,2300,3.2,5080,7230,14610,29.75,61881,Postsecondary non-degree award,None,Short-term on-the-job training
State,California,2023-2025,4,49-3031,Bus and Truck Mechanics and Diesel Engine Specialists,22300,22800,500,2.2,1610,2100,4210,31.34,65176,High school diploma or equivalent,None,Long-term on-the-job training
State,California,2023-2025,4,49-3041,Farm Equipment Mechanics and Service Technicians,5600,5700,100,1.8,370,560,1030,24.40,50740,High school diploma or equivalent,None,Long-term on-the-job training
State,California,2023-2025,4,49-3042,"Mobile Heavy Equipment Mechanics, Except Engines",14500,15100,600,4.1,960,1470,3030,32.80,68233,High school diploma or equivalent,None,Long-term on-the-job training
State,California,2023-2025,4,49-3051,Motorboat Mechanics and Service Technicians,2000,2100,100,5.0,210,200,510,29.27,60875,High school diploma or equivalent,None,Long-term on-the-job training
State,California,2023-2025,4,49-3052,Motorcycle Mechanics,2000,1900,-100,-5.0,200,190,290,23.76,49434,Postsecondary non-degree award,None,Short-term on-the-job training
State,California,2023-2025,4,49-3053,Outdoor Power Equipment and Other Small Engine Mechanics,3900,3900,0,0.0,400,370,770,21.96,45682,High school diploma or equivalent,None,Moderate-term on-the-job training
State,California,2023-2025,4,49-3091,Bicycle Repairers,2800,2900,100,3.6,220,400,720,19.34,40210,High school diploma or equivalent,None,Moderate-term on-the-job training
State,California,2023-2025,4,49-3092,Recreational Vehicle Service Technicians,1600,1600,0,0.0,120,220,340,27.48,57165,High school diploma or equivalent,None,Long-term on-the-job training
State,California,2023-2025,4,49-3093,Tire Repairers and Changers,10800,11100,300,2.8,870,1550,2720,18.30,38055,High school diploma or equivalent,None,Short-term on-the-job training
State,California,2023-2025,3,49-9000,"Other Installation, Maintenance, and Repair Occupations",309900,319100,9200,3.0,25240,30200,64640,0.00,0,N/A,N/A,N/A
State,California,2023-2025,4,49-9011,Mechanical Door Repairers,2200,2400,200,9.1,160,180,540,24.85,51693,High school diploma or equivalent,None,Moderate-term on-the-job training
State,California,2023-2025,4,49-9012,"Control and Valve Installers and Repairers, Except Mechanical Door",4700,4900,200,4.3,330,370,900,41.94,87240,High school diploma or equivalent,None,Moderate-term on-the-job training
State,California,2023-2025,4,49-9021,"Heating, Air Conditioning, and Refrigeration Mechanics and Installers",42300,44300,2000,4.7,2720,4470,9190,30.30,63041,Postsecondary non-degree award,None,Long-term on-the-job training
State,California,2023-2025,4,49-9031,Home Appliance Repairers,3600,3700,100,2.8,280,340,720,23.24,48315,High school diploma or equivalent,None,Moderate-term on-the-job training
State,California,2023-2025,4,49-9041,Industrial Machinery Mechanics,27100,28200,1100,4.1,1970,2290,5360,31.53,65570,High school diploma or equivalent,None,Long-term on-the-job training
State,California,2023-2025,4,49-9043,"Maintenance Workers, Machinery",3700,3800,100,2.7,360,330,790,29.14,60627,High school diploma or equivalent,None,Long-term on-the-job training
State,California,2023-2025,4,49-9044,Millwrights,2100,2200,100,4.8,140,200,440,30.32,63072,High school diploma or equivalent,None,Apprenticeship
State,California,2023-2025,4,49-9051,Electrical Power-Line Installers and Repairers,9300,9900,600,6.5,520,920,2040,52.01,108185,High school diploma or equivalent,None,Long-term on-the-job training
State,California,2023-2025,4,49-9052,Telecommunications Line Installers and Repairers,12800,12900,100,0.8,790,1480,2370,39.61,82390,High school diploma or equivalent,None,Long-term on-the-job training
State,California,2023-2025,4,49-9061,Camera and Photographic Equipment Repairers,1000,1100,100,10.0,80,110,290,22.06,45890,High school diploma or equivalent,None,Long-term on-the-job training
State,California,2023-2025,4,49-9062,Medical Equipment Repairers,6300,6500,200,3.2,490,670,1360,30.05,62513,Associate's degree,None,Moderate-term on-the-job training
State,California,2023-2025,4,49-9069,"Precision Instrument and Equipment Repairers, All Other",2700,2700,0,0.0,210,280,490,33.82,70337,High school diploma or equivalent,None,Long-term on-the-job training
State,California,2023-2025,4,49-9071,"Maintenance and Repair Workers, General",144000,147700,3700,2.6,12850,13310,29860,24.00,49921,High school diploma or equivalent,None,Moderate-term on-the-job training
State,California,2023-2025,4,49-9091,"Coin, Vending, and Amusement Machine Servicers and Repairers",4300,4400,100,2.3,460,510,1070,24.58,51134,High school diploma or equivalent,None,Short-term on-the-job training
State,California,2023-2025,4,49-9092,Commercial Divers,1100,1100,0,0.0,90,120,210,53.53,111325,Postsecondary non-degree award,None,Moderate-term on-the-job training
State,California,2023-2025,4,49-9094,Locksmiths and Safe Repairers,2700,2700,0,0.0,320,270,590,25.46,52968,High school diploma or equivalent,None,Long-term on-the-job training
State,California,2023-2025,4,49-9096,Riggers,1600,1700,100,6.3,160,180,440,39.60,82369,High school diploma or equivalent,None,Moderate-term on-the-job training
State,California,2023-2025,4,49-9098,"Helpers--Installation, Maintenance, and Repair Workers",8100,8400,300,3.7,1010,820,2130,18.77,39029,High school diploma or equivalent,None,Short-term on-the-job training
State,California,2023-2025,4,49-9099,"Installation, Maintenance, and Repair Workers, All Other",27900,28400,500,1.8,2160,3120,5780,22.57,46947,High school diploma or equivalent,None,Moderate-term on-the-job training
State,California,2023-2025,2,51-0000,Production Occupations,851700,849300,-2400,-0.3,76550,107120,181270,21.20,44092,N/A,N/A,N/A
State,California,2023-2025,3,51-1000,Supervisors of Production Workers,52500,53100,600,1.1,3800,5960,10360,0.00,0,N/A,N/A,N/A
State,California,2023-2025,4,51-1011,First-Line Supervisors of Production and Operating Workers,52500,53100,600,1.1,3800,5960,10360,34.17,71083,High school diploma or equivalent,Less than 5 years,None
State,California,2023-2025,3,51-2000,Assemblers and Fabricators,171300,169500,-1800,-1.1,15160,20850,34210,0.00,0,N/A,N/A,N/A
State,California,2023-2025,4,51-2011,"Aircraft Structure, Surfaces, Rigging, and Systems Assemblers",2200,2300,100,4.5,190,290,580,28.71,59724,High school diploma or equivalent,None,Moderate-term on-the-job training
State,California,2023-2025,4,51-2028,"Electrical, Electronic, and Electromechanical Assemblers, Except Coil Winders, Tapers, and Finishers",47300,47600,300,0.6,4710,5300,10310,21.85,45458,High school diploma or equivalent,None,Moderate-term on-the-job training
State,California,2023-2025,4,51-2031,Engine and Other Machine Assemblers,1100,1100,0,0.0,130,150,280,23.04,47927,High school diploma or equivalent,None,Moderate-term on-the-job training
State,California,2023-2025,4,51-2041,Structural Metal Fabricators and Fitters,3300,3200,-100,-3.0,240,420,560,24.89,51762,High school diploma or equivalent,None,Moderate-term on-the-job training
State,California,2023-2025,4,51-2090,Miscellaneous Assemblers and Fabricators,116000,113900,-2100,-1.8,9750,14530,22180,19.07,39674,High school diploma or equivalent,None,Moderate-term on-the-job training
State,California,2023-2025,3,51-3000,Food Processing Workers,85400,87500,2100,2.5,9940,12500,24540,0.00,0,N/A,N/A,N/A
State,California,2023-2025,4,51-3011,Bakers,26100,27200,1100,4.2,3770,4010,8880,18.55,38579,No formal educational credential,None,Moderate-term on-the-job training
State,California,2023-2025,4,51-3021,Butchers and Meat Cutters,19900,20200,300,1.5,1980,2740,5020,19.15,39830,No formal educational credential,None,Long-term on-the-job training
State,California,2023-2025,4,51-3022,"Meat, Poultry, and Fish Cutters and Trimmers",8500,8700,200,2.4,850,1170,2220,17.16,35693,No formal educational credential,None,Short-term on-the-job training
State,California,2023-2025,4,51-3023,Slaughterers and Meat Packers,4500,4500,0,0.0,450,610,1060,16.61,34557,No formal educational credential,None,Short-term on-the-job training
State,California,2023-2025,4,51-3091,"Food and Tobacco Roasting, Baking, and Drying Machine Operators and Tenders",1200,1300,100,8.3,130,200,430,19.24,40018,No formal educational credential,None,Moderate-term on-the-job training
State,California,2023-2025,4,51-3092,Food Batchmakers,13100,13400,300,2.3,1700,2230,4230,18.61,38705,High school diploma or equivalent,None,Moderate-term on-the-job training
State,California,2023-2025,4,51-3093,Food Cooking Machine Operators and Tenders,1800,1800,0,0.0,160,350,510,17.41,36214,High school diploma or equivalent,None,Moderate-term on-the-job training
State,California,2023-2025,4,51-3099,"Food Processing Workers, All Other",10200,10500,300,2.9,900,1200,2400,17.67,36766,No formal educational credential,None,Moderate-term on-the-job training
State,California,2023-2025,3,51-4000,Metal Workers and Plastic Workers,127900,127500,-400,-0.3,9560,15560,24720,0.00,0,N/A,N/A,N/A
State,California,2023-2025,4,51-4021,"Extruding and Drawing Machine Setters, Operators, and Tenders, Metal and Plastic",3900,3800,-100,-2.6,300,490,690,18.84,39194,High school diploma or equivalent,None,Moderate-term on-the-job training
State,California,2023-2025,4,51-4023,"Rolling Machine Setters, Operators, and Tenders, Metal and Plastic",3100,3100,0,0.0,240,390,630,24.35,50647,High school diploma or equivalent,None,Moderate-term on-the-job training
State,California,2023-2025,4,51-4031,"Cutting, Punching, and Press Machine Setters, Operators, and Tenders, Metal and Plastic",8400,8200,-200,-2.4,580,1030,1410,22.45,46687,High school diploma or equivalent,None,Moderate-term on-the-job training
State,California,2023-2025,4,51-4032,"Drilling and Boring Machine Tool Setters, Operators, and Tenders, Metal and Plastic",1000,1000,0,0.0,140,120,260,22.82,47479,High school diploma or equivalent,None,Moderate-term on-the-job training
State,California,2023-2025,4,51-4033,"Grinding, Lapping, Polishing, and Buffing Machine Tool Setters, Operators, and Tenders, Metal and Plastic",9800,9700,-100,-1.0,770,1270,1940,19.37,40309,High school diploma or equivalent,None,Moderate-term on-the-job training
State,California,2023-2025,4,51-4034,"Lathe and Turning Machine Tool Setters, Operators, and Tenders, Metal and Plastic",3100,3000,-100,-3.2,420,360,680,24.70,51366,High school diploma or equivalent,None,Moderate-term on-the-job training
State,California,2023-2025,4,51-4035,"Milling and Planing Machine Setters, Operators, and Tenders, Metal and Plastic",2300,2300,0,0.0,310,270,580,25.71,53461,High school diploma or equivalent,None,Moderate-term on-the-job training
State,California,2023-2025,4,51-4041,Machinists,30000,30300,300,1.0,2410,3430,6140,25.59,53232,High school diploma or equivalent,None,Long-term on-the-job training
State,California,2023-2025,4,51-4072,"Molding, Coremaking, and Casting Machine Setters, Operators, and Tenders, Metal and Plastic",11000,10600,-400,-3.6,680,1220,1500,19.68,40924,High school diploma or equivalent,None,Moderate-term on-the-job training
State,California,2023-2025,4,51-4081,"Multiple Machine Tool Setters, Operators, and Tenders, Metal and Plastic",4200,4200,0,0.0,330,480,810,19.73,41028,High school diploma or equivalent,None,Moderate-term on-the-job training
State,California,2023-2025,4,51-4111,Tool and Die Makers,1900,1900,0,0.0,190,200,390,33.56,69802,Postsecondary non-degree award,None,Long-term on-the-job training
State,California,2023-2025,4,51-4121,"Welders, Cutters, Solderers, and Brazers",32500,33100,600,1.8,1990,4350,6940,25.57,53190,High school diploma or equivalent,None,Moderate-term on-the-job training
State,California,2023-2025,4,51-4122,"Welding, Soldering, and Brazing Machine Setters, Operators, and Tenders",3300,3200,-100,-3.0,200,430,530,23.68,49251,High school diploma or equivalent,None,Moderate-term on-the-job training
State,California,2023-2025,4,51-4191,"Heat Treating Equipment Setters, Operators, and Tenders, Metal and Plastic",1000,1000,0,0.0,80,110,190,22.98,47792,High school diploma or equivalent,None,Moderate-term on-the-job training
State,California,2023-2025,4,51-4193,"Plating Machine Setters, Operators, and Tenders, Metal and Plastic",5400,5200,-200,-3.7,420,600,820,21.18,44040,High school diploma or equivalent,None,Moderate-term on-the-job training
State,California,2023-2025,4,51-4199,"Metal Workers and Plastic Workers, All Other",2900,2800,-100,-3.4,230,330,460,19.35,40247,High school diploma or equivalent,None,Moderate-term on-the-job training
State,California,2023-2025,3,51-5100,Printing Workers,17400,16700,-700,-4.0,1580,2050,2930,0.00,0,N/A,N/A,N/A
State,California,2023-2025,4,51-5111,Prepress Technicians and Workers,2300,2200,-100,-4.3,270,290,460,23.15,48146,Postsecondary non-degree award,None,None
State,California,2023-2025,4,51-5112,Printing Press Operators,13100,12600,-500,-3.8,1140,1580,2220,21.11,43915,High school diploma or equivalent,None,Moderate-term on-the-job training
State,California,2023-2025,4,51-5113,Print Binding and Finishing Workers,2000,1900,-100,-5.0,170,190,260,20.01,41623,High school diploma or equivalent,None,Moderate-term on-the-job training
State,California,2023-2025,3,51-6000,"Textile, Apparel, and Furnishings Workers",53100,51500,-1600,-3.0,7080,5510,10990,0.00,0,N/A,N/A,N/A
State,California,2023-2025,4,51-6011,Laundry and Dry-Cleaning Workers,14400,15100,700,4.9,2240,1740,4680,17.11,35589,No formal educational credential,None,Short-term on-the-job training
State,California,2023-2025,4,51-6021,"Pressers, Textile, Garment, and Related Materials",6100,6000,-100,-1.6,880,640,1420,17.30,35985,No formal educational credential,None,Short-term on-the-job training
State,California,2023-2025,4,51-6031,Sewing Machine Operators,17900,16200,-1700,-9.5,2220,1610,2130,17.30,35985,No formal educational credential,None,Short-term on-the-job training
State,California,2023-2025,4,51-6052,"Tailors, Dressmakers, and Custom Sewers",3000,2900,-100,-3.3,510,290,700,20.72,43092,No formal educational credential,None,Moderate-term on-the-job training
State,California,2023-2025,4,51-6092,Fabric and Apparel Patternmakers,1200,1100,-100,-8.3,120,120,140,32.57,67738,High school diploma or equivalent,None,Moderate-term on-the-job training
State,California,2023-2025,4,51-6093,Upholsterers,3100,3100,0,0.0,270,310,580,21.21,44103,High school diploma or equivalent,None,Moderate-term on-the-job training
State,California,2023-2025,4,51-6099,"Textile, Apparel, and Furnishings Workers, All Other",3000,2900,-100,-3.3,330,330,560,16.71,34744,High school diploma or equivalent,None,Short-term on-the-job training
State,California,2023-2025,3,51-7000,Woodworkers,20700,20900,200,1.0,1770,2370,4340,0.00,0,N/A,N/A,N/A
State,California,2023-2025,4,51-7011,Cabinetmakers and Bench Carpenters,11300,11400,100,0.9,940,1240,2280,22.13,46031,High school diploma or equivalent,None,Moderate-term on-the-job training
State,California,2023-2025,4,51-7021,Furniture Finishers,1800,1800,0,0.0,210,200,410,22.30,46385,High school diploma or equivalent,None,Short-term on-the-job training
State,California,2023-2025,4,51-7041,"Sawing Machine Setters, Operators, and Tenders, Wood",1700,1800,100,5.9,150,240,490,21.67,45072,High school diploma or equivalent,None,Moderate-term on-the-job training
State,California,2023-2025,4,51-7042,"Woodworking Machine Setters, Operators, and Tenders, Except Sawing",4200,4300,100,2.4,280,510,890,19.58,40737,High school diploma or equivalent,None,Moderate-term on-the-job training
State,California,2023-2025,4,51-7099,"Woodworkers, All Other",1600,1600,0,0.0,180,190,370,19.08,39684,High school diploma or equivalent,None,Moderate-term on-the-job training
State,California,2023-2025,3,51-8000,Plant and System Operators,29000,29500,500,1.7,2210,3290,6000,0.00,0,N/A,N/A,N/A
State,California,2023-2025,4,51-8012,Power Distributors and Dispatchers,1000,1000,0,0.0,60,110,170,52.40,108986,High school diploma or equivalent,None,Long-term on-the-job training
State,California,2023-2025,4,51-8013,Power Plant Operators,2500,2600,100,4.0,150,270,520,51.14,106370,High school diploma or equivalent,None,Long-term on-the-job training
State,California,2023-2025,4,51-8021,Stationary Engineers and Boiler Operators,8200,8500,300,3.7,770,960,2030,33.72,70135,High school diploma or equivalent,None,Long-term on-the-job training
State,California,2023-2025,4,51-8031,Water and Wastewater Treatment Plant and System Operators,10900,10800,-100,-0.9,900,1120,1920,39.41,81974,High school diploma or equivalent,None,Long-term on-the-job training
State,California,2023-2025,4,51-8092,Gas Plant Operators,1000,1000,0,0.0,50,130,180,52.11,108381,High school diploma or equivalent,None,Long-term on-the-job training
State,California,2023-2025,4,51-8093,"Petroleum Pump System Operators, Refinery Operators, and Gaugers",3400,3500,100,2.9,170,450,720,50.57,105203,High school diploma or equivalent,None,Moderate-term on-the-job training
State,California,2023-2025,4,51-8099,"Plant and System Operators, All Other",1500,1500,0,0.0,80,200,280,33.46,69593,High school diploma or equivalent,None,Moderate-term on-the-job training
State,California,2023-2025,3,51-9000,Other Production Occupations,294400,293200,-1200,-0.4,25460,39030,63290,0.00,0,N/A,N/A,N/A
State,California,2023-2025,4,51-9011,Chemical Equipment Operators and Tenders,6300,6000,-300,-4.8,390,750,840,24.51,50991,High school diploma or equivalent,None,Moderate-term on-the-job training
State,California,2023-2025,4,51-9012,"Separating, Filtering, Clarifying, Precipitating, and Still Machine Setters, Operators, and Tenders",11400,11600,200,1.8,720,1400,2320,24.94,51877,High school diploma or equivalent,None,Moderate-term on-the-job training
State,California,2023-2025,4,51-9021,"Crushing, Grinding, and Polishing Machine Setters, Operators, and Tenders",2700,2700,0,0.0,200,360,560,19.98,41550,High school diploma or equivalent,None,Moderate-term on-the-job training
State,California,2023-2025,4,51-9022,"Grinding and Polishing Workers, Hand",2700,2600,-100,-3.7,190,350,440,19.08,39695,No formal educational credential,None,Moderate-term on-the-job training
State,California,2023-2025,4,51-9023,"Mixing and Blending Machine Setters, Operators, and Tenders",9700,9600,-100,-1.0,700,1260,1860,23.14,48115,High school diploma or equivalent,None,Moderate-term on-the-job training
State,California,2023-2025,4,51-9032,"Cutting and Slicing Machine Setters, Operators, and Tenders",4300,4300,0,0.0,410,520,930,21.17,44030,High school diploma or equivalent,None,Moderate-term on-the-job training
State,California,2023-2025,4,51-9041,"Extruding, Forming, Pressing, and Compacting Machine Setters, Operators, and Tenders",4500,4400,-100,-2.2,370,510,780,21.87,45499,High school diploma or equivalent,None,Moderate-term on-the-job training
State,California,2023-2025,4,51-9061,"Inspectors, Testers, Sorters, Samplers, and Weighers",60000,59700,-300,-0.5,5020,8630,13350,23.22,48303,High school diploma or equivalent,None,Moderate-term on-the-job training
State,California,2023-2025,4,51-9071,Jewelers and Precious Stone and Metal Workers,5300,5400,100,1.9,810,620,1530,23.99,49887,High school diploma or equivalent,None,Long-term on-the-job training
State,California,2023-2025,4,51-9081,Dental Laboratory Technicians,3700,3700,0,0.0,340,520,860,25.15,52294,High school diploma or equivalent,None,Moderate-term on-the-job training
State,California,2023-2025,4,51-9082,Medical Appliance Technicians,4200,4100,-100,-2.4,380,580,860,21.75,45239,High school diploma or equivalent,None,Moderate-term on-the-job training
State,California,2023-2025,4,51-9083,Ophthalmic Laboratory Technicians,3400,3400,0,0.0,310,480,790,22.63,47083,High school diploma or equivalent,None,Moderate-term on-the-job training
State,California,2023-2025,4,51-9111,Packaging and Filling Machine Operators and Tenders,47100,47300,200,0.4,4500,5560,10260,18.76,39017,High school diploma or equivalent,None,Moderate-term on-the-job training
State,California,2023-2025,4,51-9123,"Painting, Coating, and Decorating Workers",3200,3300,100,3.1,190,380,670,20.18,41977,No formal educational credential,None,Moderate-term on-the-job training
State,California,2023-2025,4,51-9124,"Coating, Painting, and Spraying Machine Setters, Operators, and Tenders",16500,16900,400,2.4,1010,1980,3390,23.05,47959,High school diploma or equivalent,None,Moderate-term on-the-job training
State,California,2023-2025,4,51-9141,Semiconductor Processing Technicians,3600,3600,0,0.0,300,470,770,23.39,48636,High school diploma or equivalent,None,Moderate-term on-the-job training
State,California,2023-2025,4,51-9151,Photographic Process Workers and Processing Machine Operators,1600,1600,0,0.0,120,290,410,18.27,37996,High school diploma or equivalent,None,Short-term on-the-job training
State,California,2023-2025,4,51-9161,Computer Numerically Controlled Tool Operators,15100,14900,-200,-1.3,940,1780,2520,23.91,49709,High school diploma or equivalent,None,Moderate-term on-the-job training
State,California,2023-2025,4,51-9162,Computer Numerically Controlled Tool Programmers,2700,2800,100,3.7,170,330,600,38.95,81036,Postsecondary non-degree award,None,Moderate-term on-the-job training
State,California,2023-2025,4,51-9192,"Cleaning, Washing, and Metal Pickling Equipment Operators and Tenders",2600,2600,0,0.0,220,350,570,18.41,38309,High school diploma or equivalent,None,Moderate-term on-the-job training
State,California,2023-2025,4,51-9195,"Molders, Shapers, and Casters, Except Metal and Plastic",4100,4200,100,2.4,450,590,1140,22.96,47750,High school diploma or equivalent,None,Long-term on-the-job training
State,California,2023-2025,4,51-9196,"Paper Goods Machine Setters, Operators, and Tenders",3800,3900,100,2.6,320,540,960,22.94,47709,High school diploma or equivalent,None,Moderate-term on-the-job training
State,California,2023-2025,4,51-9198,Helpers--Production Workers,20800,20700,-100,-0.5,2800,3670,6370,18.31,38079,High school diploma or equivalent,None,Short-term on-the-job training
State,California,2023-2025,4,51-9199,"Production Workers, All Other",51900,50400,-1500,-2.9,4250,6710,9460,18.24,37933,High school diploma or equivalent,None,Moderate-term on-the-job training
State,California,2023-2025,2,53-0000,Transportation and Material Moving Occupations,1610000,1633800,23800,1.5,165720,241880,431400,20.05,41717,N/A,N/A,N/A
State,California,2023-2025,3,53-1000,Supervisors of Transportation and Material Moving Workers,69100,70400,1300,1.9,4720,9130,15150,0.00,0,N/A,N/A,N/A
State,California,2023-2025,4,53-1041,Aircraft Cargo Handling Supervisors,1200,1200,0,0.0,80,160,240,26.83,55807,High school diploma or equivalent,Less than 5 years,None
State,California,2023-2025,4,53-1047,"FirstLine Supervisors of Transportation & Material Moving Workers, Exc Aircraft Cargo Handling Supervisor",67900,69200,1300,1.9,4640,8970,14910,29.52,61405,High school diploma or equivalent,Less than 5 years,None
State,California,2023-2025,3,53-2000,Air Transportation Workers,36000,36800,800,2.2,3240,5120,9160,0.00,0,N/A,N/A,N/A
State,California,2023-2025,4,53-2011,"Airline Pilots, Copilots, and Flight Engineers",10300,10400,100,1.0,720,1600,2420,0.00,0,Bachelor's degree,Less than 5 years,Moderate-term on-the-job training
State,California,2023-2025,4,53-2012,Commercial Pilots,5300,5400,100,1.9,370,830,1300,0.00,118367,Postsecondary non-degree award,None,Moderate-term on-the-job training
State,California,2023-2025,4,53-2021,Air Traffic Controllers,2600,2600,0,0.0,130,320,450,66.86,139065,Associate's degree,None,Long-term on-the-job training
State,California,2023-2025,4,53-2022,Airfield Operations Specialists,3800,4000,200,5.3,190,470,860,23.64,49178,High school diploma or equivalent,None,Long-term on-the-job training
State,California,2023-2025,4,53-2031,Flight Attendants,14100,14400,300,2.1,1830,1900,4030,0.00,72571,High school diploma or equivalent,Less than 5 years,Moderate-term on-the-job training
State,California,2023-2025,3,53-3000,Motor Vehicle Operators,478100,489700,11600,2.4,50470,55130,117200,0.00,0,N/A,N/A,N/A
State,California,2023-2025,4,53-3031,Driver/Sales Workers,53800,55900,2100,3.9,4960,6420,13480,19.38,40312,High school diploma or equivalent,None,Short-term on-the-job training
State,California,2023-2025,4,53-3032,Heavy and Tractor-Trailer Truck Drivers,208900,213700,4800,2.3,19130,24760,48690,26.00,54100,Postsecondary non-degree award,None,Short-term on-the-job training
State,California,2023-2025,4,53-3033,Light Truck Drivers,132800,135500,2700,2.0,12150,15720,30570,21.84,45443,High school diploma or equivalent,None,Short-term on-the-job training
State,California,2023-2025,4,53-3051,"Bus Drivers, School",18000,18300,300,1.7,3830,1660,5790,24.92,51842,High school diploma or equivalent,None,Short-term on-the-job training
State,California,2023-2025,4,53-3052,"Bus Drivers, Transit and Intercity",23800,24200,400,1.7,3820,2250,6470,29.22,60770,High school diploma or equivalent,None,Moderate-term on-the-job training
State,California,2023-2025,4,53-3053,Shuttle Drivers and Chauffeurs,26100,26900,800,3.1,4540,2670,8010,18.36,38179,No formal educational credential,None,Short-term on-the-job training
State,California,2023-2025,4,53-3054,Taxi Drivers,7000,7300,300,4.3,730,680,1710,15.76,32789,No formal educational credential,None,Short-term on-the-job training
State,California,2023-2025,3,53-4000,Rail Transportation Workers,6800,7100,300,4.4,410,760,1470,0.00,0,N/A,N/A,N/A
State,California,2023-2025,4,53-4011,Locomotive Engineers,3100,3200,100,3.2,180,310,590,33.08,68814,High school diploma or equivalent,Less than 5 years,Moderate-term on-the-job training
State,California,2023-2025,4,53-4031,Railroad Conductors and Yardmasters,1300,1300,0,0.0,60,150,210,34.63,72030,High school diploma or equivalent,None,Moderate-term on-the-job training
State,California,2023-2025,3,53-5000,Water Transportation Workers,8500,8600,100,1.2,660,1110,1870,0.00,0,N/A,N/A,N/A
State,California,2023-2025,4,53-5011,Sailors and Marine Oilers,3100,3100,0,0.0,240,420,660,25.22,52467,No formal educational credential,None,Moderate-term on-the-job training
State,California,2023-2025,4,53-5021,"Captains, Mates, and Pilots of Water Vessels",4100,4200,100,2.4,320,520,940,51.97,108097,Postsecondary non-degree award,Less than 5 years,None
State,California,2023-2025,4,53-5031,Ship Engineers,1200,1200,0,0.0,90,160,250,42.71,88825,Postsecondary non-degree award,Less than 5 years,None
State,California,2023-2025,3,53-6000,Other Transportation Workers,38400,39700,1300,3.4,4310,6560,12170,0.00,0,N/A,N/A,N/A
State,California,2023-2025,4,53-6021,Parking Attendants,18800,19400,600,3.2,2080,3370,6050,17.16,35682,No formal educational credential,None,Short-term on-the-job training
State,California,2023-2025,4,53-6031,Automotive and Watercraft Service Attendants,9700,10000,300,3.1,1030,1820,3150,17.98,37399,No formal educational credential,None,Short-term on-the-job training
State,California,2023-2025,4,53-6032,Aircraft Service Attendants,2700,2700,0,0.0,280,500,780,19.19,39917,High school diploma or equivalent,None,Short-term on-the-job training
State,California,2023-2025,4,53-6051,Transportation Inspectors,3000,3100,100,3.3,200,330,630,32.61,67836,High school diploma or equivalent,None,Moderate-term on-the-job training
State,California,2023-2025,4,53-6061,Passenger Attendants,2600,2700,100,3.8,580,300,980,20.23,42071,High school diploma or equivalent,None,Short-term on-the-job training
State,California,2023-2025,4,53-6099,"Transportation Workers, All Other",1300,1400,100,7.7,110,180,390,21.93,45609,High school diploma or equivalent,None,Short-term on-the-job training
State,California,2023-2025,3,53-7000,Material Moving Workers,973100,981600,8500,0.9,101910,164080,274490,0.00,0,N/A,N/A,N/A
State,California,2023-2025,4,53-7011,Conveyor Operators and Tenders,3300,3300,0,0.0,250,400,650,19.32,40198,No formal educational credential,None,Short-term on-the-job training
State,California,2023-2025,4,53-7021,Crane and Tower Operators,8000,8200,200,2.5,530,950,1680,27.99,58221,High school diploma or equivalent,Less than 5 years,Moderate-term on-the-job training
State,California,2023-2025,4,53-7051,Industrial Truck and Tractor Operators,105500,105400,-100,-0.1,6760,13480,20140,22.76,47326,No formal educational credential,None,Short-term on-the-job training
State,California,2023-2025,4,53-7061,Cleaners of Vehicles and Equipment,56900,59000,2100,3.7,6290,8960,17350,17.26,35911,No formal educational credential,None,Short-term on-the-job training
State,California,2023-2025,4,53-7062,"Laborers and Freight, Stock, and Material Movers, Hand",374000,374400,400,0.1,35730,60810,96940,19.00,39522,No formal educational credential,None,Short-term on-the-job training
State,California,2023-2025,4,53-7063,Machine Feeders and Offbearers,7000,7100,100,1.4,1120,1080,2300,21.35,44402,No formal educational credential,None,Short-term on-the-job training
State,California,2023-2025,4,53-7064,"Packers and Packagers, Hand",89400,89300,-100,-0.1,10730,14770,25400,17.33,36036,No formal educational credential,None,Short-term on-the-job training
State,California,2023-2025,4,53-7065,Stockers and Order Fillers,303200,308400,5200,1.7,38050,59880,103130,18.42,38315,High school diploma or equivalent,None,Short-term on-the-job training
State,California,2023-2025,4,53-7081,Refuse and Recyclable Material Collectors,13700,14100,400,2.9,1280,2130,3810,28.85,60000,No formal educational credential,None,Short-term on-the-job training
State,California,2023-2025,4,53-7199,"Material Moving Workers, All Other",10800,11100,300,2.8,1090,1460,2850,17.79,37014,No formal educational credential,None,Short-term on-the-job training
